연번, 구분,대여소ID,대여소번호,대여소명,거치대수,위도,경도
1,강남구,ST-799,2315,2315. 봉은사역 5번출구 옆,10,37.514248,127.061119
2,강남구,ST-1174,2365,2365. K+ 타워 앞,15,37.5233,127.038475
3,강남구,ST-796,2313,2313. 금원빌딩 앞,10,37.525116,127.052467
4,강남구,ST-961,2347,2347. 두산건설 본사,15,37.518639,127.0354
5,강남구,ST-1171,2362,2362. 신사동 가로수길 입구,10,37.517635,127.022453
6,강남구,ST-793,2308,2308. 압구정파출소 앞,14,37.529301,127.035599
7,강남구,ST-959,2349,2349. 역삼빌딩 앞(하나은행 옆),10,37.501545,127.038567
8,강남구,ST-822,2341,2341. 일원역 4~5번 출구 사이,10,37.483311,127.084938
9,강남구,ST-790,2305,2305. MCM 본사 직영점 앞,10,37.520641,127.034508
10,강남구,ST-956,2360,2360. 도곡1동 주민센터 교차로,15,37.492809,127.041389
11,강남구,ST-1433,2388,2388. 강남구 도시관리공단,10,37.516785,127.051613
12,강남구,ST-787,2302,2302. 교보타워 버스정류장(신논현역 3번출구 후면),10,37.505581,127.024277
13,강남구,ST-1365,2385,2385. 학동역,10,37.51395,127.030151
14,강남구,ST-953,2354,2354. 청담역 2번출구,5,37.519787,127.056763
15,강남구,ST-817,2334,2334. 8.삼호@ 2동 ( 간선도로),15,37.493759,127.045898
16,강남구,ST-1578,2408,2408. 강남한양수자인아파트,14,37.477341,127.113274
17,강남구,ST-783,2309,2309. 청담역(우리들병원 앞),10,37.518902,127.049385
18,강남구,ST-814,2331,2331. 동영문화센터앞,20,37.498051,127.044601
19,강남구,ST-1575,2405,2405. 청담공원앞 교차로,20,37.518711,127.05085
20,강남구,ST-811,2328,2328. 르네상스 호텔 사거리 역삼지하보도 7번출구 앞,10,37.503586,127.042641
21,강남구,ST-1571,2401,2401. 밀알학교 입구 (삼성서울병원 입구),15,37.486561,127.082672
22,강남구,ST-778,2343,2343. 세곡사거리 대왕파출소 앞,10,37.465317,127.107727
23,강남구,ST-809,2326,2326. 대치동 삼성로,10,37.502396,127.0588
24,강남구,ST-806,2323,2323. 주식회사 오뚜기 정문 앞,10,37.502213,127.067207
25,강남구,ST-1184,2375,2375. 수서역 1번출구 앞,10,37.48735,127.100998
26,강남구,ST-1565,2395,2395. 개포1단지아파트 입구 (보도육교),10,37.47929,127.055733
27,강남구,ST-803,2320,2320. 도곡역 대치지구대 방향,10,37.491928,127.056969
28,강남구,ST-1180,2371,2371. 한국우편사업진흥원,10,37.514748,127.035133
29,강남구,ST-1562,2392,2392. 구룡산 입구 (구룡산 서울둘레길 입구),15,37.474579,127.05545
30,강남구,ST-1246,2381,2381. 언주역 6번출구앞,8,37.506367,127.034523
31,강남구,ST-966,2357,2357. 르네상스호텔사거리 역삼지하보도 3번출구 앞 (더 오번 빌딩 명동칼국수 앞),15,37.501949,127.04277
32,강남구,ST-1178,2369,2369. KT선릉타워,20,37.505428,127.052872
33,강남구,ST-798,2314,2314. 청담나들목입구,10,37.521275,127.061035
34,강남구,ST-963,2353,2353. 강남구청역 2번출구 뒤,10,37.516811,127.040474
35,강남구,ST-1173,2364,2364. 도산대로 렉서스 앞,10,37.52124,127.031898
36,강남구,ST-795,2312,2312. 청담역 13번 출구 앞,10,37.52058,127.056328
37,강남구,ST-960,2350,2350. 래미안그레이튼102동앞,10,37.494823,127.047905
38,강남구,ST-1170,2361,2361. 압구정역 교차로,10,37.526844,127.028259
39,강남구,ST-1407,2387,2387. 래미안강남힐즈 사거리,10,37.472454,127.096077
40,강남구,ST-792,2307,2307. 압구정 한양 3차 아파트,10,37.528614,127.038559
41,강남구,ST-958,2359,"2359. 국립국악중,고교 정문 맞은편",10,37.475605,127.050377
42,강남구,ST-821,2340,2340. 삼호물산버스정류장(23370) 옆,15,37.477509,127.045174
43,강남구,ST-789,2304,2304. 신영 ROYAL PALACE 앞,10,37.512527,127.035835
44,강남구,ST-955,2355,2355. 삼성역 5~6번 출구 사이,20,37.509121,127.062309
45,강남구,ST-819,2336,2336. 강남세브란스교차로  래미안그레이튼 104동 앞,10,37.494236,127.047462
46,강남구,ST-786,2311,2311. 학동로 래미안 아파트 앞,10,37.517773,127.043022
47,강남구,ST-1364,2384,2384. 자곡사거리,10,37.476028,127.105942
48,강남구,ST-816,2333,2333. 양재역 3번출구 주변,15,37.485157,127.034073
49,강남구,ST-1577,2407,2407. 역삼.서초.삼성 세무서 앞 (역삼빌딩 앞),10,37.49847,127.030113
50,강남구,ST-782,2337,2337. 대모산입구역 2번출구 앞,15,37.492077,127.071976
51,강남구,ST-813,2330,2330. 스타벅스 앞,10,37.492199,127.039459
52,강남구,ST-1574,2404,2404. 대모산입구역 4번 출구 앞,10,37.49181,127.073158
53,강남구,ST-810,2327,2327. 뱅뱅사거리 랜드마크타워 앞,15,37.490551,127.031464
54,강남구,ST-777,2301,2301. 현대고등학교 건너편,10,37.524071,127.02179
55,강남구,ST-808,2325,2325. 대치동 버거킹대치점,10,37.49865,127.059319
56,강남구,ST-1186,2377,2377. 수서역 5번출구 뒤,10,37.486835,127.102753
57,강남구,ST-805,2322,2322. 삼성역 3번 출구,15,37.508091,127.063103
58,강남구,ST-1182,2373,2373. 개포동역 사거리,20,37.489277,127.065575
59,강남구,ST-1564,2394,2394. 래미안강남포레스트 입구 (보도육교),10,37.479092,127.055397
60,강남구,ST-937,2351,2351. 청소년수련관(수영장)앞,15,37.483879,127.089027
61,강남구,ST-802,2319,2319. 포스코4거리 서측(수협 삼성동 지점),10,37.506607,127.05468
62,강남구,ST-1248,2383,2383. 보금자리정원,10,37.466328,127.094887
63,강남구,ST-1561,2391,2391. 구룡마을 입구(개포1단지아파트),10,37.479328,127.064278
64,강남구,ST-1245,2380,2380. 삼성동베이직하우스앞,15,37.511696,127.049347
65,강남구,ST-1177,2368,2368. 도곡동 경남아파트 건너편,10,37.489342,127.041298
66,강남구,ST-1559,2389,2389. 경기여자고등학교 후문 (삼성로3길 입구),15,37.48616,127.067238
67,강남구,ST-797,2348,2348. 포스코사거리(기업은행),20,37.507233,127.056854
68,강남구,ST-962,2352,2352. 서울본부세관(건설회관 앞),10,37.51759,127.035027
69,강남구,ST-1172,2363,2363. 강남 을지병원 교차로,15,37.51918,127.027466
70,강남구,ST-794,2310,2310. 청담동 맥도날드 옆(위치),10,37.523613,127.040176
71,강남구,ST-823,2342,2342. 대청역 1번출구  뒤,10,37.494007,127.079514
72,강남구,ST-791,2306,2306. 압구정역 2번 출구 옆,30,37.527122,127.028717
73,강남구,ST-957,2358,2358. 구룡초사거리 (현대아파트10동 앞 ),10,37.481384,127.053917
74,강남구,ST-820,2339,2339. 현대아파트 정문 앞,10,37.483261,127.052299
75,강남구,ST-788,2303,2303. 논현역 7번출구,15,37.511517,127.021477
76,강남구,ST-1366,2386,2386. sk 동우주유소 앞,10,37.509586,127.040909
77,강남구,ST-954,2356,2356. 강남구청,10,37.51807,127.047119
78,강남구,ST-818,2335,2335. 3호선 매봉역 3번출구앞,10,37.486767,127.046761
79,강남구,ST-784,2317,2317. 삼성도로공원,10,37.515888,127.0662
80,강남구,ST-815,2332,2332. 선릉역3번출구,8,37.504208,127.048965
81,강남구,ST-1576,2406,2406. 논현동 광명빌딩 앞,10,37.51757,127.023643
82,강남구,ST-812,2329,2329. 르네상스호텔사거리 역삼지하보도 2번출구,10,37.502357,127.04319
83,강남구,ST-1573,2403,2403. 공무원연금매점 교차로 (개포주공9단지 입구),15,37.48872,127.074539
84,강남구,ST-779,2344,2344. 리엔파크 2단지 앞,10,37.465061,127.101196
85,강남구,ST-807,2324,2324. 천주교 대치 2동 교회 옆,10,37.500439,127.066223
86,강남구,ST-1185,2376,2376. 수서역 6번출구 앞,20,37.486778,127.100517
87,강남구,ST-1568,2398,2398. 더라움,10,37.50811,127.039452
88,강남구,ST-804,2321,2321. 학여울역 사거리,10,37.496117,127.069443
89,강남구,ST-1181,2372,2372. 대치역 사거리,10,37.494499,127.063797
90,강남구,ST-1563,2393,2393. 구룡사 앞 교차로 (보도육교),10,37.472,127.051338
91,강남구,ST-801,2318,2318. 삼성중앙역4번출구(문화센터더 리빌),15,37.513577,127.055031
92,강남구,ST-1247,2382,2382. 역삼동 sk뷰 501동앞,11,37.501343,127.050468
93,강남구,ST-1179,2370,2370. 한티역 3번출구,20,37.496552,127.054298
94,강남구,ST-1560,2390,2390. 구룡마을 입구 (래미안블레스티지 아파트),10,37.479568,127.064774
95,강동구,ST-501,1017,1017. 맥도날드(길동),20,37.535473,127.145172
96,강동구,ST-1595,1054,1054. 말우물 어린이 공원,10,37.560009,127.169579
97,강동구,ST-1626,1059,1059. 레미안 강동팰리스(102동),15,37.538181,127.131752
98,강동구,ST-497,1013,1013. 강동구청역 1번 출입구,15,37.530773,127.120926
99,강동구,ST-1371,1049,1049. 강일동 10단지 아파트,10,37.56118,127.180267
100,강동구,ST-1622,1062,1062. 고덕숲 아이파크 2,15,37.551079,127.162621
101,강동구,ST-494,1010,1010. 강동세무서,20,37.534481,127.138344
102,강동구,ST-1057,1040,1040. 강일동 에너지 마루,10,37.5672,127.16346
103,강동구,ST-1369,1047,1047. 건강보험 강동지사kt,10,37.536381,127.137253
104,강동구,ST-491,1007,1007.암사동 선사유적지,16,37.559063,127.130646
105,강동구,ST-1054,1037,1037. 강일 6단지,10,37.562588,127.177612
106,강동구,ST-487,1003,1003. 해공도서관앞,20,37.543915,127.125458
107,강동구,ST-1051,1034,1034. 고덕동 래미안 힐스테이트,15,37.561909,127.150749
108,강동구,ST-1049,1032,1032. 선사고등학교,20,37.556728,127.136208
109,강동구,ST-1046,1029,1029. 롯데 시네마,10,37.536541,127.125397
110,강동구,ST-1043,1026,1026. 대명초교 입구 교차로,14,37.546631,127.155884
111,강동구,ST-1420,1050,1050.  둔촌역 3번 출입구,15,37.526695,127.135529
112,강동구,ST-1040,1023,1023. 한국종합기술사옥 앞,15,37.549999,127.17469
113,강동구,ST-830,1018,1018. 둔촌 주공 GS 맞은편,20,37.524681,127.135406
114,강동구,ST-503,1020,1020. 강동경찰서,15,37.52829,127.126801
115,강동구,ST-1598,1057,1057. 능골근린공원,15,37.55579,127.173813
116,강동구,ST-500,1016,1016. 해뜨는 주유소옆 리엔파크 109동앞,10,37.559399,127.171158
117,강동구,ST-1594,1053,1053. 동명근린공원 진입로 (아리수로),8,37.562538,127.164528
118,강동구,ST-499,1015,1015. 샛마을 근린공원,13,37.550079,127.146912
119,강동구,ST-496,1012,1012. 서울 상운차량,15,37.536026,127.122726
120,강동구,ST-1059,1042,1042. 강일 2.5단지 사이,10,37.568562,127.177002
121,강동구,ST-1370,1048,1048. 동부기업(둔촌동),10,37.531013,127.142365
122,강동구,ST-1621,1061,1061. 천호초교 입구 사거리(일주빌딩),10,37.546928,127.134621
123,강동구,ST-493,1009,1009. 천호역4번출구(현대백화점),20,37.538658,127.124214
124,강동구,ST-1056,1039,1039. 고덕초등학교,7,37.561279,127.167801
125,강동구,ST-490,1006,1006. 롯데캐슬 115동앞,15,37.55492,127.142799
126,강동구,ST-1053,1036,1036. 고덕동 주양쇼핑,10,37.551998,127.153297
127,강동구,ST-486,1002,1002. 해공공원(천호동),10,37.545219,127.125916
128,강동구,ST-1050,1033,1033. 고덕동 아남아파트,10,37.557991,127.144707
129,강동구,ST-1048,1031,1031. 암사동 CBIS,15,37.555851,127.129898
130,강동구,ST-1045,1028,1028. 포레스 주상복합 빌딩,10,37.5331,127.12278
131,강동구,ST-1042,1025,1025. 상일초등학교,10,37.546841,127.172516
132,강동구,ST-505,1022,1022. 길동 사거리(초소앞),20,37.533764,127.138031
133,강동구,ST-502,1019,1019. 다성이즈빌아파트(호원대 대각선 맞은편),10,37.526825,127.130028
134,강동구,ST-1597,1056,1056. 강일리엔파크 7~11단지,10,37.563332,127.179092
135,강동구,ST-1593,1052,1052. 리싸이클시티,10,37.556469,127.156822
136,강동구,ST-498,1014,1014. 강동구평생학습관앞,15,37.5508,127.142624
137,강동구,ST-1061,1044,1044. 굽은다리역,15,37.545399,127.142601
138,강동구,ST-1623,1058,1058. 고덕숲 아이파크 1,12,37.553471,127.165001
139,강동구,ST-495,1011,1011. LIGA 아파트 앞,20,37.534771,127.135239
140,강동구,ST-1058,1041,1041. 묘곡초등학교,10,37.559196,127.153297
141,강동구,ST-1620,1060,1060. 천일초교 사거리,8,37.544659,127.132637
142,강동구,ST-492,1008,1008. 암사역 3번출구(국민은행앞),10,37.549549,127.127151
143,강동구,ST-1055,1038,1038. 강일 다솜 어린이 공원,10,37.568668,127.174797
144,강동구,ST-488,1004,1004. 삼성광나루아파트 버스정류장,10,37.553349,127.12886
145,강동구,ST-1052,1035,1035. 고덕역 4번출구,20,37.555016,127.155273
146,강동구,ST-485,1001,1001. 광진교 남단 사거리(디지털프라자앞),15,37.541805,127.124718
147,강동구,ST-1047,1030,1030. 미호 플랜트 앞,15,37.527061,127.12207
148,강동구,ST-1044,1027,1027. 프라자 아파트 앞,20,37.535999,127.147697
149,강동구,ST-1421,1051,1051. 양지시장 (용성약국앞) 입구,15,37.554829,127.137321
150,강동구,ST-1041,1024,1024.  강동구청 앞,10,37.529251,127.123108
151,강동구,ST-504,1021,1021. 강일동 리슈빌 빌딩앞,15,37.564301,127.17395
152,강북구,ST-1104,1530,1530. 광산사거리,10,37.643551,127.022346
153,강북구,ST-864,1522,1522. 월드전기조명인테리어(우이동),10,37.654472,127.012756
154,강북구,ST-1101,1527,1527. 미아역 1번 출구 뒤,10,37.627335,127.026054
155,강북구,ST-861,1511,1511. 번동 금호어울림아파트102동앞,9,37.631123,127.036034
156,강북구,ST-859,1509,1509. 서울북부수도사업소,10,37.634377,127.035751
157,강북구,ST-652,1516,1516. 우이초등학교 후문 옆,10,37.638706,127.015907
158,강북구,ST-1614,1545,1545. 솔샘역 2번 출구,10,37.62038,127.01368
159,강북구,ST-948,1501,"1501. 미아역 3번,4번 출구 사이",9,37.62608,127.026482
160,강북구,ST-1392,1542,1542. 삼양사거리역,10,37.621552,127.02037
161,강북구,ST-1423,1543,1543. 수유1동 주민센터,10,37.630188,127.017738
162,강북구,ST-646,1514,1514. 강북구청 사거리 버스정류소 앞,10,37.638805,127.028358
163,강북구,ST-1389,1539,1539. 4.19민주묘지역,10,37.649673,127.013451
164,강북구,ST-643,1503,1503. 이디야 커피 수유역점 앞,12,37.639278,127.026756
165,강북구,ST-1109,1535,1535. 효성인텔리안 앞,10,37.636292,127.023376
166,강북구,ST-1106,1532,1532. 번3동 주민센터 교차로,10,37.626354,127.047447
167,강북구,ST-1103,1529,1529. 미아동 한국전력공사,15,37.63018,127.02491
168,강북구,ST-863,1513,1513. 강북구청 뒷편,20,37.639671,127.0252
169,강북구,ST-1100,1526,1526. 수유동 채선당앞,8,37.641739,127.024628
170,강북구,ST-860,1510,1510. 번동주공5단지 관리사무소 앞,10,37.633717,127.035515
171,강북구,ST-651,1519,1519. 세븐일레븐 수유장미원점 앞,10,37.645451,127.015617
172,강북구,ST-648,1515,1515. 송천동 주민센터,10,37.618286,127.024048
173,강북구,ST-1391,1541,1541. 삼양역,10,37.62653,127.018059
174,강북구,ST-645,1506,1506. 강북문화예술회관,20,37.640327,127.013359
175,강북구,ST-1388,1538,1538. 솔밭공원역,8,37.656158,127.013138
176,강북구,ST-1110,1536,1536. 번동 두산위브 101동 옆,20,37.636261,127.032173
177,강북구,ST-1665,1546,1546. 송천동우체국,10,37.615459,127.029701
178,강북구,ST-1108,1534,1534. 북서울 꿈의 숲 동문,20,37.619637,127.044533
179,강북구,ST-1105,1531,1531. 미아사거리 1번 출구,10,37.613956,127.030251
180,강북구,ST-1102,1528,1528. 삼각산동 주민센터,10,37.615036,127.020699
181,강북구,ST-862,1512,1512. 강북중학교 앞,20,37.644737,127.026566
182,강북구,ST-654,1518,1518. SK telecom(수유직영점) 앞,10,37.643085,127.016167
183,강북구,ST-650,1520,1520. 성실교회,10,37.639862,127.022789
184,강북구,ST-647,1525,1525. 미아동 복합청사,10,37.62714,127.026695
185,강북구,ST-1390,1540,1540. 가오리역,10,37.64167,127.016884
186,강북구,ST-644,1504,1504. 다이소 삼양시장점,10,37.624157,127.018623
187,강북구,ST-1387,1537,1537. 북한산 우이역,10,37.663666,127.012428
188,강북구,ST-1107,1533,"1533. 번동 주공3, 4단지 교차로",10,37.629917,127.040916
189,강서구,ST-1519,1182,1182. KBS 스포츠월드,20,37.556877,126.848808
190,강서구,ST-1067,1155,1155. 기쁜우리복지관,10,37.56926,126.848419
191,강서구,ST-532,1137,1137. 등촌2동주민센터,10,37.541431,126.86322
192,강서구,ST-828,1110,1110. 공항중학교앞,10,37.562683,126.816238
193,강서구,ST-1515,1178,1178. 개화산역 2번 출구,10,37.572472,126.806168
194,강서구,ST-1063,1151,1151. 마곡역1번출구,25,37.560234,126.823471
195,강서구,ST-537,1146,1146. 곰달래사거리,10,37.530338,126.838257
196,강서구,ST-1511,1174,1174. 강서구청사거리(부민병원),9,37.556599,126.851471
197,강서구,ST-526,1130,1130. 화곡본동시장 버스정류장,7,37.542751,126.842621
198,강서구,ST-1509,1172,1172. 가양3동 주민센터,8,37.561249,126.86058
199,강서구,ST-1715,1198,1198. LG 사이언스파크,20,37.56255,126.827438
200,강서구,ST-523,1126,1126. 우장산역 1번출구옆(우장산아이파크105동앞),7,37.548908,126.836563
201,강서구,ST-1402,1168,1168. 마곡엠밸리10단지 앞,10,37.560226,126.819069
202,강서구,ST-1506,1169,1169. 염창역 1번 출구,8,37.547199,126.874489
203,강서구,ST-1712,1195,1195. 코오롱one&only타워,20,37.564129,126.834312
204,강서구,ST-1647,1186,1186. 송정중학교,10,37.554729,126.816093
205,강서구,ST-1709,1190,1190. 마곡역 교차로(2번출구),10,37.560501,126.826653
206,강서구,ST-517,1119,1119. 염창동 한마음아파트앞(염창동 빛나는 음악학원앞),6,37.554253,126.867561
207,강서구,ST-514,1113,1113. 서남환경공원 버스정류장,15,37.573093,126.822899
208,강서구,ST-511,1109,1109. 공항시장역 4번출구,6,37.563347,126.810486
209,강서구,ST-1254,1163,1163. 방화동강서기동대앞,10,37.570499,126.820084
210,강서구,ST-975,1149,1149. 신방화역환승주차장,13,37.567284,126.818275
211,강서구,ST-1351,1166,1166. 강서구립등빛도서관,10,37.562569,126.842461
212,강서구,ST-509,1105,1105. 방화근린공원,10,37.581623,126.812653
213,강서구,ST-1251,1160,1160. 양천향교역 7번출구앞,20,37.56768,126.840897
214,강서구,ST-834,1117,1117. 스타벅스앞,10,37.558197,126.844261
215,강서구,ST-1249,1158,1158. 가양역 8번출구,20,37.561035,126.854813
216,강서구,ST-534,1140,1140. 목동사거리 버스정류장,15,37.531399,126.863609
217,강서구,ST-1518,1181,1181. 농수산식품공사 (강서지사),10,37.551044,126.818497
218,강서구,ST-1065,1153,1153. 발산역 2번출구,10,37.55891,126.838097
219,강서구,ST-531,1136,1136. 등촌2파출소,10,37.544788,126.862
220,강서구,ST-1514,1177,1177. 수명중?고교,10,37.55011,126.823677
221,강서구,ST-1062,1150,1150. 송정역 1번출구,10,37.56155,126.810478
222,강서구,ST-528,1132,1132. 등촌역 7번출구,10,37.551109,126.863708
223,강서구,ST-824,1106,1106. 신방화사거리,10,37.573032,126.816452
224,강서구,ST-1510,1173,1173. 강서구청사거리(SH타워),15,37.556259,126.853317
225,강서구,ST-525,1129,1129. 화곡역 1번 출구 앞,7,37.542099,126.840218
226,강서구,ST-1508,1171,1171. 염창동 새마을금고 건너편 (모닝글로리),8,37.550049,126.873161
227,강서구,ST-1714,1197,1197. 엘펠리체 호텔 건너편,20,37.560429,126.835403
228,강서구,ST-522,1124,1124. 발산역 6번출구옆(다이소앞),10,37.557968,126.838287
229,강서구,ST-1711,1194,1194. 센서택㈜,10,37.563301,126.836823
230,강서구,ST-519,1121,1121. 가양레포츠센터앞,15,37.559479,126.86438
231,강서구,ST-1708,1188,1188. 롯데중앙연구소,8,37.571381,126.828339
232,강서구,ST-516,1118,1118. 증미역 3번출구뒤(등촌두산위브센티움오피스텔),10,37.557461,126.861458
233,강서구,ST-1646,1185,1185. 등촌9단지,10,37.562901,126.849472
234,강서구,ST-513,1112,1112. 마곡엠밸리4단지 정문,15,37.568577,126.824776
235,강서구,ST-510,1108,1108. 공항시장역 1번출구,8,37.56356,126.81015
236,강서구,ST-1253,1162,1162. 공항초등학교건너편,10,37.562679,126.820473
237,강서구,ST-508,1102,1102. 방화사거리 마을버스 버스정류장,10,37.573643,126.811806
238,강서구,ST-1250,1159,1159. 서서울모터리움앞,20,37.565853,126.846596
239,강서구,ST-833,1115,1115. 등촌역 1번출구옆,10,37.551666,126.86409
240,강서구,ST-536,1145,1145. 곰달래 문화복지센터 1-2,10,37.528919,126.848083
241,강서구,ST-1069,1157,1157. 강서구청,8,37.550659,126.84977
242,강서구,ST-533,1139,1139. 용문사 버스정류장,8,37.536991,126.863365
243,강서구,ST-1517,1180,1180. 마곡엠밸리 15단지(1502동) 건너편,15,37.557468,126.82972
244,강서구,ST-1064,1152,1152. 마곡역교차로,10,37.558666,126.826614
245,강서구,ST-530,1135,1135. 강서구의회,10,37.546532,126.862549
246,강서구,ST-538,1148,1148. 볏골공원,10,37.54147,126.84478
247,강서구,ST-1338,1165,1165. 마곡중학교 후문,20,37.568447,126.821648
248,강서구,ST-1512,1175,1175. 대한항공 인력개발센터,15,37.554379,126.857536
249,강서구,ST-527,1131,1131. 꿈돌이공원 앞,8,37.546444,126.845459
250,강서구,ST-524,1127,1127. 화곡역(에이스정형외과앞) 버스정류장,10,37.540981,126.838547
251,강서구,ST-1507,1170,1170. 강서구보건소 (삼성디지털 프라자),11,37.549179,126.868797
252,강서구,ST-1713,1196,1196. 서울식물원(문화센터) 건너편,15,37.568241,126.835831
253,강서구,ST-520,1122,1122. 황금내근린공원,10,37.561932,126.863869
254,강서구,ST-518,1120,1120. 대림경동아파트앞,10,37.565189,126.853996
255,강서구,ST-515,1114,1114. 서남물재생센터 버스정류장,15,37.572781,126.826279
256,강서구,ST-1645,1184,1184. 마곡13단지,15,37.55645,126.815979
257,강서구,ST-512,1111,1111. 마곡엠밸리6_7단지 마곡중학교,15,37.566982,126.8218
258,강서구,ST-1352,1167,1167. 마곡수명산파크3단지 교차로,15,37.553467,126.825928
259,강서구,ST-1689,1191,1191. 마곡역 교차로(NH농협),9,37.560242,126.827164
260,강서구,ST-1252,1161,1161. 강서면허시험장앞,10,37.549694,126.819664
261,강서구,ST-835,1125,1125. 명덕고교입구(영종빌딩),10,37.552914,126.836571
262,강서구,ST-507,1101,1101. 개화동상사마을종점 버스정류장,10,37.581612,126.798599
263,강서구,ST-831,1103,1103. 방화역 4번출구앞,10,37.577221,126.812195
264,강서구,ST-535,1141,1141. 곰달래 문화복지센터 1-1,10,37.52906,126.84848
265,관악구,ST-703,2103,2103. 신림동 우방아파트,10,37.489178,126.919273
266,관악구,ST-1337,2171,2171. 서울대입구역 5번출구,17,37.481548,126.952003
267,관악구,ST-1270,2175,2175. 신림동걷고싶은문화의거리입구,10,37.487301,126.928703
268,관악구,ST-1547,2178,2178. 서울대학교 정문,15,37.46682,126.948807
269,관악구,ST-1268,2173,2173. 당곡사거리,10,37.48975,126.927467
270,관악구,ST-724,2140,2140. 신림1교 교차로,12,37.478428,126.931862
271,관악구,ST-887,2148,2148. 낙성대역 3번출구 뒤,10,37.477028,126.963394
272,관악구,ST-721,2129,2129. 낙성대 과학전시관,10,37.469055,126.958145
273,관악구,ST-950,2110,2110. 조원동 미성아파트,9,37.483192,126.902031
274,관악구,ST-884,2119,2119. 중앙동 동진빌딩,10,37.484257,126.954697
275,관악구,ST-1265,2170,2170. 조원동서울본병원,10,37.481529,126.912033
276,관악구,ST-1357,2176,2176. 보라매공원 보도육교,15,37.488991,126.916382
277,관악구,ST-719,2122,2122. 낙성대로 입구,20,37.478058,126.960495
278,관악구,ST-1157,2160,2160. 관악구 보건소,15,37.478626,126.951294
279,관악구,ST-1260,2165,2165. JK장평타워,10,37.476482,126.965363
280,관악구,ST-714,2108,2108. 은천치안센터,20,37.483341,126.943199
281,관악구,ST-711,2157,2157. 난곡 사거리,10,37.4818,126.915237
282,관악구,ST-709,2144,2144. 난우길입구,15,37.477776,126.916756
283,관악구,ST-705,2106,2106. 난곡 새마을금고,12,37.473728,126.918404
284,관악구,ST-702,2102,2102. 봉림교 교통섬,20,37.48423,126.926392
285,관악구,ST-1549,2180,2180. 신림동주민센터,10,37.487511,126.927788
286,관악구,ST-1546,2177,2177. 신대방역 2번 출구,19,37.487129,126.913017
287,관악구,ST-1267,2172,2172. 나들목공원,20,37.469406,126.944511
288,관악구,ST-723,2137,2137. KT&G 관악지점,10,37.484901,126.936531
289,관악구,ST-952,2156,2156. 농협 관악문성지점,12,37.480721,126.909325
290,관악구,ST-886,2143,2143. 서울산업정보학교,10,37.470695,126.9422
291,관악구,ST-720,2128,2128. 관악구청교차로,12,37.479164,126.952583
292,관악구,ST-883,2115,2115. 관악농협농산물백화점,15,37.479916,126.90284
293,관악구,ST-1264,2169,2169. 봉천역 2번출구,7,37.482189,126.942131
294,관악구,ST-717,2116,2116. 에이스에이존빌딩,9,37.481705,126.950829
295,관악구,ST-1156,2159,2159. 인헌초교,10,37.47509,126.959229
296,관악구,ST-713,2107,2107. 도림천 신화교,25,37.475471,126.936455
297,관악구,ST-710,2153,2153. 서울남부초등학교 옆,10,37.485142,126.920563
298,관악구,ST-708,2135,2135. 신림역 5번출구,9,37.484409,126.928909
299,관악구,ST-704,2105,2105. 미성동 신림체육센터,12,37.480251,126.914604
300,관악구,ST-934,2113,2113. 관악동작견인차량보관소,10,37.484661,126.9039
301,관악구,ST-965,2111,2111. 서울대입구역 1번출구,10,37.480869,126.953316
302,관악구,ST-1548,2179,2179. 양녕로 입구,10,37.482189,126.946159
303,관악구,ST-1269,2174,2174. 삼성디지털프라자관악점,10,37.488564,126.928482
304,관악구,ST-725,2145,2145. 은천초등학교 육교,12,37.486359,126.942924
305,관악구,ST-722,2130,2130. 영어마을 관악캠프,15,37.47197,126.958763
306,관악구,ST-951,2139,2139. 서울신성초등학교,10,37.471165,126.937019
307,관악구,ST-885,2141,2141. 미림여고입구 교차로,12,37.472294,126.933411
308,관악구,ST-1702,2184,2184. 구암초등학교 버스정류장,10,37.489491,126.945923
309,관악구,ST-882,2109,2109. 은천로입구 가로공원,15,37.486225,126.935829
310,관악구,ST-1262,2167,2167. 낙성대역 1번출구,12,37.476295,126.964958
311,관악구,ST-715,2112,2112. 서울대입구역 마에스트로,15,37.481339,126.950645
312,관악구,ST-1259,2164,2164. 관악우체국,8,37.484768,126.932877
313,관악구,ST-976,2136,2136. 신림역 8번출구,10,37.484577,126.929916
314,관악구,ST-712,2104,2104. 사당역 5번출구,13,37.476089,126.981331
315,관악구,ST-707,2127,2127. 보성운수차고지 맞은편,10,37.464886,126.919479
316,광진구,ST-1661,3534,3534. 건대입구역 5번출구 뒤,10,37.540138,127.069283
317,광진구,ST-1378,3520,3520. 광진경찰서,10,37.542519,127.084084
318,광진구,ST-987,3504,3504. 원일교회,8,37.538052,127.076599
319,광진구,ST-387,576,576. 광나루역 3번 출구,10,37.54483,127.104263
320,광진구,ST-984,3501,3501. 광진구청 앞,10,37.539501,127.083
321,광진구,ST-384,573,573. 구의문주차장 앞,10,37.545231,127.084732
322,광진구,ST-980,593,593.자양중앙나들목,5,37.528587,127.077873
323,광진구,ST-1193,3508,3508. 화양사거리,10,37.548222,127.067879
324,광진구,ST-1429,3523,3523. 건국대학교 과학관(이과대) 앞,10,37.541718,127.08017
325,광진구,ST-381,555,555. 구의3동주민센터,10,37.537849,127.092171
326,광진구,ST-102,505,505. 자양사거리 광진아크로텔 앞,10,37.53701,127.082245
327,광진구,ST-257,546,546. 잠실대교북단 교차로,8,37.532478,127.085091
328,광진구,ST-378,552,552. 대림아크로리버 앞,10,37.536579,127.092972
329,광진구,ST-254,542,542. 강변역 4번출구 뒤,19,37.535465,127.094482
330,광진구,ST-1603,3529,3529. 어린이대공원정문,15,37.549789,127.075928
331,광진구,ST-972,590,590. 건국대학교 (입학정보관),10,37.53989,127.073364
332,광진구,ST-97,500,500. 어린이대공원역 3번출구 앞,10,37.54707,127.074272
333,광진구,ST-1663,3536,3536. 중앙농협(자양동),10,37.531811,127.080742
334,광진구,ST-1660,3533,3533. 건대입구역 사거리(롯데백화점),10,37.539139,127.070618
335,광진구,ST-99,502,502. 뚝섬유원지역 1번출구 앞,27,37.53186,127.067192
336,광진구,ST-986,3503,3503. 광진유진스웰,20,37.550488,127.108955
337,광진구,ST-113,515,515. 광양중학교 앞,10,37.530235,127.08683
338,광진구,ST-386,575,575. 중앙농협 중곡지점,10,37.564293,127.086937
339,광진구,ST-983,3500,3500. 군자역2번출구,10,37.557587,127.079697
340,광진구,ST-383,572,572. 국립정신 건강센터 앞,20,37.56538,127.08651
341,광진구,ST-259,549,549. 아차산역 3번출구,10,37.551224,127.089706
342,광진구,ST-98,501,501. 광진구의회 앞,15,37.537308,127.070351
343,광진구,ST-1192,3507,3507. 어린이회관,25,37.545952,127.078003
344,광진구,ST-1428,3524,3524. 세종대학교,15,37.550236,127.073822
345,광진구,ST-256,544,544. 광남중학교,20,37.54073,127.102905
346,광진구,ST-445,584,584. 광진광장 교통섬,20,37.547829,127.072632
347,광진구,ST-377,551,551. 구의삼성쉐르빌 앞,10,37.540062,127.094498
348,광진구,ST-253,540,540. 군자역 7번출구 베스트샵 앞,8,37.55603,127.078644
349,광진구,ST-974,592,592. 건국대학교 학생회관,15,37.541912,127.077637
350,광진구,ST-1602,3528,3528. 광진정보도서관,8,37.550598,127.110512
351,광진구,ST-101,504,504. 신자초교입구교차로,5,37.53297,127.075935
352,광진구,ST-1662,3535,3535. 중곡사거리(국민은행),10,37.559158,127.087517
353,광진구,ST-1379,3521,3521. 현대홈타운 뒷길,10,37.543427,127.096619
354,광진구,ST-114,516,516. 광진메디칼 앞,10,37.548405,127.069366
355,광진구,ST-100,503,503. 더샵스타시티 C동 앞,15,37.536667,127.073593
356,광진구,ST-1271,3516,3516. 구의아리수정수센터앞,10,37.543705,127.093246
357,광진구,ST-988,3505,3505. 신양초교앞 교차로,12,37.535221,127.068398
358,광진구,ST-388,577,577. 광진청소년수련관,10,37.546547,127.106133
359,광진구,ST-985,3502,3502. 중곡역 1번출구,15,37.565659,127.084297
360,광진구,ST-385,574,574. 아차산역4번출구,20,37.551849,127.088982
361,광진구,ST-1194,3509,3509. 세종사이버대학교,20,37.553417,127.073196
362,광진구,ST-382,571,571. 어린이대공원역6번출구,20,37.548496,127.07476
363,광진구,ST-258,548,548. 자양나들목,20,37.52977,127.07486
364,광진구,ST-1266,3517,3517. 용마사거리,10,37.562527,127.082275
365,광진구,ST-1191,3506,3506. 영동대교 북단,10,37.537014,127.061096
366,광진구,ST-1427,3510,3510. 중곡SK아파트앞,10,37.568649,127.08625
367,광진구,ST-379,553,553. 중곡 성원APT 앞,10,37.571255,127.079803
368,광진구,ST-255,543,543. 구의공원(테크노마트 앞),20,37.535969,127.094673
369,광진구,ST-252,539,539. 군자교교차로,10,37.559795,127.074203
370,광진구,ST-973,591,591. 건국대학교 (행정관),5,37.542778,127.075371
371,광진구,ST-1664,3537,3537. 아차산 휴먼시아 아파트 옆,15,37.548489,127.093758
372,구로구,ST-669,1912,1912. 한신휴아파트 앞,10,37.4888,126.890663
373,구로구,ST-1243,1981,1981. 천왕이펜하우스5단지 앞,10,37.479431,126.842697
374,구로구,ST-666,1908,1908. 해원리바파크 육교 밑,10,37.495285,126.872162
375,구로구,ST-1239,1977,1977. 천왕역 1번 출입구 앞,15,37.48621,126.838821
376,구로구,ST-1274,1984,1984. 구로구청,10,37.495266,126.888474
377,구로구,ST-663,1904,1904. 도림천역 1번 출구 앞,10,37.51424,126.882874
378,구로구,ST-1236,1974,1974. 신도림2차e편한세상아파트 203동 앞,10,37.50518,126.882538
379,구로구,ST-1231,1969,1969. 궁동생태공원,10,37.501904,126.828964
380,구로구,ST-1229,1967,1967. 참새공원(백곡경노당),10,37.505138,126.844337
381,구로구,ST-1226,1964,1964. 원메디타운 앞,10,37.49789,126.864502
382,구로구,ST-1222,1960,1960. 화광신문사 앞,10,37.50285,126.889481
383,구로구,ST-876,1953,1953. 천왕역 4번출구 뒤,20,37.486385,126.839211
384,구로구,ST-677,1930,1930. 개봉지구대 개봉치안센터,7,37.497684,126.853729
385,구로구,ST-1526,1991,1991. 오류동역 맞은편,10,37.496761,126.844963
386,구로구,ST-873,1946,1946. 구로역 광장,10,37.503117,126.880386
387,구로구,ST-674,1924,1924. 삼부르네상스파크빌,10,37.478741,126.895096
388,구로구,ST-1521,1986,1986. 태평양물산빌딩,15,37.484859,126.895187
389,구로구,ST-670,1913,1913. 구로리공원,10,37.491032,126.892151
390,구로구,ST-668,1911,1911. 구로디지털단지역 앞,10,37.48494,126.901321
391,구로구,ST-1241,1979,1979. 구로1동우체국 앞,10,37.492031,126.873772
392,구로구,ST-665,1907,1907. 구일우성(아) 육교 밑,12,37.489632,126.876259
393,구로구,ST-1238,1976,1976. 남구로역 5번 출입구 앞,10,37.48568,126.886703
394,구로구,ST-1273,1983,1983. 구로동롯데아파트,10,37.502548,126.883881
395,구로구,ST-662,1901,1901. 신도림동주민센터 앞,10,37.507332,126.87973
396,구로구,ST-1235,1973,1973. 오리로와 서해안도로 교차로 앞,10,37.488598,126.836494
397,구로구,ST-1230,1968,1968. 동인오피스텔 건너편 소공원,12,37.498482,126.847504
398,구로구,ST-919,1925,1925. 동양미래대학교 정문 옆,20,37.499889,126.867699
399,구로구,ST-1228,1966,1966. 한마을아파트 정문상가,10,37.496498,126.863098
400,구로구,ST-1224,1962,1962. 가리봉동주민센터,15,37.481602,126.892799
401,구로구,ST-1221,1959,1959. 구로구의회 앞,10,37.496456,126.889587
402,구로구,ST-1219,1957,1957. 구일고등학교 정문 ,15,37.493401,126.874329
403,구로구,ST-679,1937,1937. 한진아파트 입구,15,37.486061,126.852013
404,구로구,ST-1529,1994,1994. 삼성전자 물류센터 앞,10,37.496998,126.87178
405,구로구,ST-875,1952,1952. 천왕연지타운2단지 앞,15,37.482105,126.845726
406,구로구,ST-676,1929,1929. 고척근린공원 고척도서관 앞,10,37.505135,126.85276
407,구로구,ST-1523,1988,1988. 고척LIGA아파트 앞,20,37.50605,126.860786
408,구로구,ST-872,1943,1943. 온수역 북측,10,37.49279,126.824524
409,구로구,ST-673,1920,1920. 서울미래초등학교 사거리,10,37.504379,126.888298
410,구로구,ST-667,1910,1910. 낙원교회 맞은편,5,37.497505,126.884377
411,구로구,ST-1275,1985,1985. 구로도서관,20,37.498516,126.891991
412,구로구,ST-664,1906,1906. 신도림역 1번 출구 앞,20,37.50972,126.890099
413,구로구,ST-1237,1975,1975. 대림역 1번 출입구 밑,10,37.49258,126.894737
414,구로구,ST-1233,1971,1971. 오정초교 앞 보도육교,10,37.490723,126.826393
415,구로구,ST-920,1931,1931. 개봉역(북측광장),10,37.494995,126.858253
416,구로구,ST-918,1914,1914. 대림역4번출구,10,37.494591,126.893921
417,구로구,ST-1227,1965,1965. 삼환로즈빌아파트 105동 옆,15,37.497231,126.859192
418,구로구,ST-1223,1961,1961. 신도림테크노근린공원,15,37.508194,126.891304
419,구로구,ST-1220,1958,1958. 강서수도사업소민원센터,10,37.495781,126.890121
420,구로구,ST-1218,1956,1956. 도야미리숯불갈비 앞,10,37.51001,126.88205
421,구로구,ST-678,1933,1933. 개봉푸르지오아파트 상가,10,37.501583,126.84687
422,구로구,ST-1528,1993,1993. 금강수목원아파트 앞,10,37.48938,126.834198
423,구로구,ST-874,1951,1951. 천왕이펜하우스 4단지 상가 앞,20,37.480289,126.8395
424,구로구,ST-675,1928,1928. 고척스카이돔구장 광장,10,37.49947,126.868401
425,구로구,ST-936,1955,1955. 디지털입구 교차로,10,37.482883,126.901039
426,구로구,ST-1522,1987,1987. 개봉아이파크아파트 앞,15,37.490341,126.860931
427,구로구,ST-870,1936,1936. 개봉역 1번 출구 자전거보관서쪽,10,37.494282,126.859215
428,구로구,ST-671,1916,1916. 구로중학교앞,10,37.494141,126.889984
429,금천구,ST-636,1829,1829. 홈플러스 금천점 앞,10,37.469139,126.897202
430,금천구,ST-1141,1840,1840. 솔브레인이엔지 뒤편,20,37.475101,126.888069
431,금천구,ST-1277,1850,1850. 코오롱테크노밸리,10,37.48016,126.886368
432,금천구,ST-632,1824,1824. 독산근린공원 입구,15,37.46455,126.883728
433,금천구,ST-626,1816,1816. 금천폭포공원 앞,20,37.446861,126.903831
434,금천구,ST-660,1827,1827. 독산보도육교 앞 자전거 보관소,20,37.455849,126.893143
435,금천구,ST-623,1809,1809. LG전자 별관동(호서대 벤처타워 맞은편),10,37.470779,126.885155
436,금천구,ST-620,1805,1805. 서울디지털운동장 앞,10,37.482288,126.877769
437,금천구,ST-1536,1855,1855. 성지아파트 옆 도로변,10,37.451321,126.897621
438,금천구,ST-640,1834,1834. 월드메르디앙 벤처센터 2차,15,37.479084,126.879044
439,금천구,ST-1147,1846,1846. 롯데캐슬골드파크1차 동문,15,37.460171,126.896042
440,금천구,ST-638,1831,1831. 메이퀸웨딩컨벤션 앞,10,37.4725,126.897957
441,금천구,ST-1143,1842,1842. 한울중학교,15,37.462574,126.90686
442,금천구,ST-634,1826,1826. 한신코아 앞,20,37.456841,126.888344
443,금천구,ST-1140,1839,1839. 수출의 다리 아래,20,37.477058,126.885185
444,금천구,ST-1276,1849,1849. 대륭포스트타워5차,10,37.481354,126.88694
445,금천구,ST-631,1823,1823. 상신정비공업 앞,20,37.458912,126.89859
446,금천구,ST-629,1821,1821. 홈플러스 시흥점 맞은편 다비치안경 앞,10,37.451458,126.902115
447,금천구,ST-625,1814,1814. 두산위브아파트 옆 상가건물 앞,8,37.47422,126.894127
448,금천구,ST-622,1808,1808. 에이스하이엔드타워8차 앞,20,37.473209,126.884941
449,금천구,ST-1538,1857,1857. 주공14단지,15,37.46056,126.887093
450,금천구,ST-1535,1854,1854. 가산아네스트 오피스텔 앞,10,37.47818,126.897408
451,금천구,ST-642,1819,1819. 금천구청 앞 자전거거치대,10,37.456478,126.895927
452,금천구,ST-1149,1848,1848. 벽산 디지털밸리 5차,10,37.476276,126.885391
453,금천구,ST-1146,1845,1845. 롯데캐슬골드파크1차 서문,15,37.460289,126.892189
454,금천구,ST-637,1830,1830. 빅마켓 금천점 앞,15,37.47023,126.895073
455,금천구,ST-1142,1841,1841. 가산동 주민센터,10,37.476952,126.891869
456,금천구,ST-633,1825,1825. 한신아파트 앞 육교 아래,10,37.4547,126.891052
457,금천구,ST-630,1822,1822. 서울 시흥동우체국 앞,10,37.452991,126.900909
458,금천구,ST-628,1820,1820. 신한은행 시흥대로금융센터지점,10,37.44334,126.903358
459,금천구,ST-661,1836,1836. 금천구립 독산도서관,7,37.467403,126.908142
460,금천구,ST-1403,1851,1851. 가산디지털단지 7번출구,10,37.481232,126.881485
461,금천구,ST-624,1812,1812. 갑을그레이트밸리 앞,10,37.479031,126.887299
462,금천구,ST-1648,1858,1858. 석수역1번출구 앞 (SK주유소),10,37.437271,126.902687
463,금천구,ST-621,1806,1806. 에이스하이엔드타워9차 앞,10,37.486214,126.878639
464,금천구,ST-619,1804,1804. 독산역 2번출구 자전거주차장,10,37.46653,126.888718
465,금천구,ST-1537,1856,1856. 모두의학교,10,37.478409,126.907372
466,금천구,ST-1534,1853,1853. 서울디자인직업전문학교 앞,10,37.472481,126.895866
467,금천구,ST-641,1835,1835. STX V타워,10,37.47707,126.88443
468,금천구,ST-1148,1847,1847. 독산주공 14단지 버스정류소,10,37.461033,126.8871
469,금천구,ST-639,1833,1833. 독산역 1번출구 앞 자전거보관소,10,37.466541,126.890282
470,금천구,ST-1144,1843,1843. 독산고등학교,10,37.477097,126.911133
471,노원구,ST-868,1628,1628. 노일초등학교 앞,10,37.673618,127.055252
472,노원구,ST-604,1611,1611. 과기대 입구(우),20,37.62994,127.076553
473,노원구,ST-964,1642,1642. 서울여대 남문,7,37.625435,127.088493
474,노원구,ST-601,1603,1603. 롯데캐슬 102동 코너(월계주유소건너),10,37.624859,127.05014
475,노원구,ST-1476,1686,1686. 온수골사거리(스타벅스앞),10,37.66114,127.058052
476,노원구,ST-1128,1660,1660. 서울시립과학관,8,37.642071,127.076622
477,노원구,ST-1473,1683,1683. 노원문화예술회관,10,37.650459,127.080887
478,노원구,ST-1124,1656,1656. 중앙하이츠 아파트 입구,10,37.654999,127.067436
479,노원구,ST-1396,1680,1680. 삼육대 제3과학관,10,37.642654,127.108383
480,노원구,ST-913,1602,1602. 광운대역 앞,15,37.622662,127.061897
481,노원구,ST-1121,1653,1653. 노원역1번출구,10,37.6562,127.063622
482,노원구,ST-1426,1682,1682. 중계종합사회복지관 교차로,13,37.656799,127.077606
483,노원구,ST-1119,1651,1651. 맥도날드 상계점 앞,20,37.672375,127.055992
484,노원구,ST-1640,1689,1689. 마들역 3번출구,10,37.665249,127.057892
485,노원구,ST-1111,1643,1643. 태릉입구역 8번출구,10,37.617367,127.075211
486,노원구,ST-1287,1670,1670. 노원경찰서교차로,15,37.64341,127.071838
487,노원구,ST-611,1637,1637. KT 노원점 건물 앞,15,37.654701,127.0634
488,노원구,ST-1348,1675,1675. 월계문화체육센터,14,37.626942,127.05513
489,노원구,ST-1284,1667,1667. 중계중학교,10,37.654499,127.074387
490,노원구,ST-609,1635,1635. 상계3.4동 주민센터 대여소,11,37.67271,127.08316
491,노원구,ST-1281,1664,1664. 노해근린공원내,10,37.649361,127.070442
492,노원구,ST-606,1617,1617. 하계동 중평어린이공원 앞,20,37.63715,127.063271
493,노원구,ST-1279,1662,1662. 노원역7번출구,15,37.654114,127.059151
494,노원구,ST-867,1620,1620. 중계동 노원구민체육센터 옆(중1-2),10,37.648209,127.070221
495,노원구,ST-736,1619,1619. 중계동 하나프라자빌딩 앞(중1-1),10,37.649021,127.076408
496,노원구,ST-603,1610,1610. 화랑대역 2번출구 앞,20,37.620369,127.083641
497,노원구,ST-600,1601,1601. 석계역 문화광장 내 자전거 보관소,20,37.615299,127.064468
498,노원구,ST-1475,1685,1685. 불암고등학교 앞 횡단보도,8,37.64819,127.080482
499,노원구,ST-1127,1659,1659. 중계동 을지중학교,10,37.65033,127.071602
500,노원구,ST-915,1627,1627. 수락산역 4번출구,14,37.676941,127.055099
501,노원구,ST-1123,1655,1655. 공릉1단지아파트,15,37.631111,127.07016
502,노원구,ST-1395,1679,1679. 삼육대 도서관,15,37.64283,127.106667
503,노원구,ST-1120,1652,1652. 파르코 앞,10,37.68,127.05558
504,노원구,ST-1425,1681,1681. 현대6차 아파트,12,37.645802,127.08226
505,노원구,ST-1291,1674,1674. 서울북부고용센터앞,15,37.653549,127.058083
506,노원구,ST-1642,1691,1691. 노원정보도서관,10,37.660709,127.065331
507,노원구,ST-1118,1650,1650. 중계근린공원내,20,37.63958,127.065102
508,노원구,ST-1289,1672,1672. 상계동수락리버시티,15,37.688599,127.053406
509,노원구,ST-1639,1688,1688. 마들역 7번출구,9,37.665661,127.057297
510,노원구,ST-1286,1669,1669. 중계역 3번출구,9,37.643528,127.065224
511,노원구,ST-610,1636,1636. 백병원 사거리 농협은행 앞,10,37.649212,127.061768
512,노원구,ST-971,1640,1640. 한내근린공원 북측,10,37.623863,127.068489
513,노원구,ST-1283,1666,1666. 노원소방서인근,10,37.655781,127.071777
514,노원구,ST-608,1634,1634. 당고개공원 대여소,15,37.669079,127.077591
515,노원구,ST-1280,1663,1663. 동해문화예술관앞,20,37.619381,127.057854
516,노원구,ST-869,1630,1630. 수연빌딩 앞,10,37.67625,127.055504
517,노원구,ST-605,1616,1616. 하계2동 공항버스정류장 옆,10,37.635109,127.068329
518,노원구,ST-1278,1661,1661. 당현천근린공원,10,37.649639,127.065605
519,노원구,ST-866,1605,1605. 헬스케어,10,37.631622,127.061615
520,노원구,ST-735,1608,1608. 공릉역 1번 출구 앞,10,37.626614,127.072754
521,노원구,ST-602,1606,1606. 태릉입구역 3번출구 ,10,37.619171,127.074928
522,노원구,ST-1474,1684,1684. 태릉입구역 5번출구,20,37.61832,127.07563
523,노원구,ST-1125,1657,1657. 노원구청 ,10,37.654049,127.057327
524,노원구,ST-914,1625,1625. 상계역(4번출구),20,37.66,127.072968
525,노원구,ST-1122,1654,1654. 당고개입구 오거리,15,37.663792,127.075447
526,노원구,ST-1394,1678,1678. 성서대학교 밀알관,15,37.648438,127.064445
527,노원구,ST-1290,1673,1673. 노원역?5번출구,10,37.653976,127.060974
528,노원구,ST-1641,1690,1690. 도봉운전면허시험장,10,37.65773,127.059311
529,노원구,ST-1114,1646,1646. 삼육대 입구,20,37.638489,127.107903
530,노원구,ST-1288,1671,1671. 인덕대학교,15,37.629349,127.054825
531,노원구,ST-612,1639,1639. 희성오피앙,10,37.680313,127.055069
532,노원구,ST-1349,1677,1677. 육군사관학교  앞,10,37.623165,127.0905
533,노원구,ST-1285,1668,1668. 중계역 6번출구,10,37.645508,127.063255
534,노원구,ST-970,1641,1641. 한내근린공원 남측,15,37.621555,127.069511
535,노원구,ST-1282,1665,1665. 양지근린공원앞,10,37.647335,127.076424
536,노원구,ST-607,1623,1623. 노원 구민회관,20,37.638649,127.066292
537,도봉구,ST-1137,1721,1721. 창동역 2번출구 ,12,37.653015,127.046997
538,도봉구,ST-1133,1717,1717. 시립창동운동장 입구,15,37.655708,127.050102
539,도봉구,ST-1130,1714,1714. 도봉문화정보도서관 삼거리,10,37.64463,127.044609
540,도봉구,ST-657,1703,1703. 도봉산광역환승센터앞 ,15,37.68972,127.045197
541,도봉구,ST-916,1706,1706. 기업은행 앞,10,37.665665,127.042671
542,도봉구,ST-1296,1726,1726. 삼익세라믹아파트교차로,8,37.658588,127.03521
543,도봉구,ST-1467,1735,"1735. 도봉역 1,2번 출구사이 건너편",13,37.679119,127.044983
544,도봉구,ST-1292,1722,1722. 창동청소년수련관,15,37.657799,127.050049
545,도봉구,ST-1464,1732,1732. 우리은행 앞,10,37.667599,127.042999
546,도봉구,ST-617,1712,1712. 창동역공영주차장앞,15,37.654049,127.050201
547,도봉구,ST-614,1705,1705. 도봉구청 정문앞,8,37.669224,127.046516
548,도봉구,ST-1136,1720,1720. 도봉구청 옆(중랑천변),27,37.668671,127.047981
549,도봉구,ST-1132,1716,1716. 하나로마트 창동점,10,37.654202,127.050728
550,도봉구,ST-1469,1737,1737. 하나은행 (창동점),8,37.639702,127.038834
551,도봉구,ST-1295,1725,1725. 창1동주민센터,10,37.647503,127.043312
552,도봉구,ST-1466,1734,1734. 쌍문현대1차아파트 108동 앞,10,37.65815,127.032669
553,도봉구,ST-1462,1730,1730. 도봉산역 교차로 앞,10,37.687592,127.045502
554,도봉구,ST-616,1709,1709. 쌍문역4번출구 주변,15,37.650127,127.035347
555,도봉구,ST-613,1702,1702. 녹천역 1번출구 앞,10,37.646172,127.05056
556,도봉구,ST-1135,1719,1719. 신도봉사거리 버스정류장,10,37.673283,127.043991
557,도봉구,ST-1131,1715,1715. 서울특별시교육청도봉도서관,20,37.653179,127.012787
558,도봉구,ST-1129,1713,1713. 쌍문동 청소년 랜드,10,37.647266,127.025879
559,도봉구,ST-1434,1728,1728. 서울북부지방법원,15,37.677666,127.046242
560,도봉구,ST-658,1708,1708. 보건소사거리(다비치안경창동점),8,37.65683,127.039848
561,도봉구,ST-1297,1727,1727. 서울도봉초등학교인근,15,37.678677,127.040764
562,도봉구,ST-1468,1736,1736. 버스정류장 앞,12,37.652241,127.037064
563,도봉구,ST-1293,1723,1723. 방학동학마을도서관,10,37.662079,127.027718
564,도봉구,ST-1465,1733,1733. 방학사거리 (봄마당 앞),12,37.662979,127.041939
565,도봉구,ST-1461,1729,1729. 파리바게트앞,10,37.68401,127.045792
566,도봉구,ST-615,1707,1707. 도봉구민회관,15,37.654461,127.038513
567,도봉구,ST-1638,1741,1741. 제일강산수산입구,15,37.645199,127.032982
568,동대문구,ST-272,613,613. 신설동역 10번출구 앞,10,37.575272,127.023468
569,동대문구,ST-1449,654,654. 전농동 텃골공원,10,37.577621,127.052109
570,동대문구,ST-1629,657,657. 동대문롯데캐슬아파트 앞,13,37.57576,127.04837
571,동대문구,ST-395,627,627. 장안동삼거리 교통섬,10,37.578632,127.071907
572,동대문구,ST-392,624,624. 전농동 동아아파트 앞,10,37.574188,127.045891
573,동대문구,ST-266,606,606. 휘경공고앞,6,37.584625,127.07029
574,동대문구,ST-1300,648,648. 장안동위더스빌옆,15,37.5667,127.062424
575,동대문구,ST-262,602,602. 장안동 사거리,10,37.572174,127.071388
576,동대문구,ST-1299,647,647. 신이문역 1번출구,10,37.602798,127.067268
577,동대문구,ST-410,643,643. 동대문구민체육센터 (육교아래),10,37.566971,127.074417
578,동대문구,ST-408,641,641. 용두역 4번출구,10,37.573753,127.038536
579,동대문구,ST-405,638,638. 서울시립대 정보기술관,20,37.583008,127.060974
580,동대문구,ST-402,635,635. 시조사 앞 (청량고정문 옆),12,37.587517,127.052773
581,동대문구,ST-274,615,615. 용두동 레미안허브리츠아파트 앞,20,37.576382,127.03511
582,동대문구,ST-1630,658,658. 촬영소 사거리,10,37.572948,127.066147
583,동대문구,ST-397,630,630. 동대문구 보건소,15,37.574852,127.040306
584,동대문구,ST-271,612,612. 시립동부병원 앞 사거리,20,37.573666,127.030815
585,동대문구,ST-1447,652,652. 답십리 래미안엘파인아파트 입구,20,37.57653,127.065941
586,동대문구,ST-1628,656,656. 영휘원 교차로,10,37.587238,127.043137
587,동대문구,ST-394,626,626. 군자교 서측 녹지대,10,37.561153,127.070969
588,동대문구,ST-1625,661,661. 경희대학교 청운관,10,37.594601,127.051964
589,동대문구,ST-391,623,623. 서울시립대 정문 앞,20,37.583698,127.053856
590,동대문구,ST-269,609,609. 제기2교,20,37.587791,127.037361
591,동대문구,ST-1303,651,651. 우리은행청량리지점앞,10,37.582748,127.048279
592,동대문구,ST-389,621,621. 동대문중학교 옆,15,37.574718,127.053391
593,동대문구,ST-265,605,605. 신설동역8번출구,8,37.5742,127.026497
594,동대문구,ST-261,601,601. 용신동주민센터,10,37.575947,127.037361
595,동대문구,ST-1298,646,646. 장한평역 1번출구 (국민은행앞),10,37.561867,127.064377
596,동대문구,ST-407,640,640. KEB하나은행 청량리역지점,6,37.582455,127.044495
597,동대문구,ST-404,637,637. KAIST 경영대학 앞,10,37.591614,127.045792
598,동대문구,ST-401,634,634. 외국어대 정문 앞,20,37.59602,127.05983
599,동대문구,ST-276,617,617. 청솔우성아파트 앞,20,37.574203,127.057693
600,동대문구,ST-1632,660,660. 동의보감타워,10,37.577999,127.037628
601,동대문구,ST-273,614,614. 용두동 사거리,20,37.577686,127.031013
602,동대문구,ST-396,628,628. 휘봉고등학교 앞,15,37.586815,127.067543
603,동대문구,ST-270,610,610. 동대문중 교차로,10,37.573086,127.052162
604,동대문구,ST-393,625,625. 답십리초등학교 앞(현대시장 옆),9,37.568192,127.057175
605,동대문구,ST-390,622,622. 전농사거리 교통섬,15,37.577793,127.057831
606,동대문구,ST-268,608,608. 전농삼성아파트,10,37.58131,127.055344
607,동대문구,ST-1302,650,650. 중랑교사거리,20,37.591534,127.067741
608,동대문구,ST-264,604,604. 답십리초등학교 옆 공원,15,37.569656,127.055962
609,동대문구,ST-260,600,600. 휘경2동 주민센터,10,37.589912,127.06868
610,동대문구,ST-409,642,642. 신답역 사거리,7,37.570156,127.048584
611,동대문구,ST-406,639,639. 서울시립대 후문,14,37.585197,127.060951
612,동대문구,ST-403,636,636. 세종대왕기념관 교차로,10,37.5909,127.042587
613,동대문구,ST-400,633,633. 청량리 기업은행 앞,8,37.580406,127.044823
614,동대문구,ST-275,616,616. 서울시립대 앞,20,37.582561,127.054367
615,동대문구,ST-1631,659,659. 제기역1번출구,15,37.57835,127.033386
616,동대문구,ST-398,631,631. 답십리역 1번출구,15,37.568184,127.051277
617,동작구,ST-700,2054,2054. 삼익아파트,10,37.510548,126.944847
618,동작구,ST-733,2056,2056. 동작구민 체육센터,10,37.494499,126.916527
619,동작구,ST-699,2050,2050. 노량진역 5번출구,10,37.513248,126.939972
620,동작구,ST-695,2037,2037. 동작역 5번출구 동작주차공원,20,37.503189,126.97715
621,동작구,ST-727,2012,2012. 녹십초요양병원앞,10,37.488361,126.906227
622,동작구,ST-1544,2068,2068. 총신대 앞(육교),12,37.488159,126.966476
623,동작구,ST-692,2025,2025. 흑석역 1번출구,15,37.50938,126.963615
624,동작구,ST-686,2008,2008. 노량진근린공원 대방공원,10,37.509369,126.92807
625,동작구,ST-1354,2063,2063. 대방역 4번출구,15,37.512901,126.926613
626,동작구,ST-1153,2061,2061. 한강 현대아파트 건너편,10,37.505928,126.969231
627,동작구,ST-1150,2058,2058. 노량진동 맥도널드앞,10,37.513523,126.943527
628,동작구,ST-1667,2069,2069. 숭실대 입구역3번 출구 앞,7,37.496601,126.953682
629,동작구,ST-932,2026,2026. 흑석역 4번출구,10,37.509056,126.963249
630,동작구,ST-732,2048,2048. 삼일초등학교 인근,10,37.488453,126.974213
631,동작구,ST-697,2040,2040. 비계 버스정류소,10,37.506359,126.969078
632,동작구,ST-729,2033,2033. 사당동 아르테스 웨딩앞,10,37.481491,126.981583
633,동작구,ST-694,2036,2036. 정금마을 마을버스정류장,20,37.494705,126.982391
634,동작구,ST-923,2032,2032. 이수역 11번출구쪽,10,37.485508,126.981621
635,동작구,ST-726,2009,2009. 보라매역 8번출구,10,37.500076,126.921082
636,동작구,ST-1543,2067,2067. LG전자 베스트샾 대리점 앞,10,37.497669,126.919868
637,동작구,ST-691,2024,2024. 상도역 1번출구,10,37.502178,126.948204
638,동작구,ST-688,2016,2016. 신대방삼거리역 3번출구쪽,10,37.499645,126.927094
639,동작구,ST-1356,2065,2065. 서울시여성가족재단,15,37.51199,126.927086
640,동작구,ST-685,2007,2007. 유한양행앞,20,37.512939,126.934242
641,동작구,ST-1152,2060,2060. 남성역3번출구 뒤,10,37.484631,126.97155
642,동작구,ST-878,2028,2028. 남성역 2번출구 뒷편,10,37.48447,126.971428
643,동작구,ST-701,2057,2057. 상도 아이파크 아파트,10,37.500881,126.94175
644,동작구,ST-731,2041,2041. 사당중학교 버스정류소,10,37.486835,126.968048
645,동작구,ST-696,2038,2038. 동작역 7번출구,10,37.503181,126.976089
646,동작구,ST-728,2015,2015. 신대방삼거리역 6번출구쪽,10,37.499855,126.929565
647,동작구,ST-1545,2070,2070. 노량진역 2번 출구 앞,12,37.51392,126.943069
648,동작구,ST-693,2027,2027. 중앙대학교 정문,15,37.507042,126.959152
649,동작구,ST-1542,2066,2066. 양문교회 앞,10,37.489399,126.907112
650,동작구,ST-690,2020,2020. 장승배기역2번출구뒷편쪽,10,37.504498,126.938988
651,동작구,ST-286,237,237. 보라매 두산위브 건너편,20,37.496513,126.914803
652,동작구,ST-687,2013,2013. 장승배기역 5번출구,30,37.505852,126.939362
653,동작구,ST-1355,2064,2064. 흑석한강푸르지오 106동앞,10,37.505356,126.966179
654,동작구,ST-1154,2062,2062. 사당새마을금고,10,37.486652,126.967842
655,동작구,ST-683,2002,2002. 노들역 1번출구,20,37.512844,126.952469
656,동작구,ST-1151,2059,2059. 보라매공원 정문,10,37.497078,126.917793
657,동작구,ST-877,2003,2003. 사육신공원앞,10,37.513359,126.948059
658,마포구,ST-211,154,154. 마포구청역 ,13,37.560909,126.905495
659,마포구,ST-18,113,113. 홍대입구역 2번출구 앞,25,37.557499,126.923805
660,마포구,ST-90,411,411. DMC홍보관,9,37.577995,126.891472
661,마포구,ST-27,125,125. 서강대 남문 옆,15,37.549484,126.93895
662,마포구,ST-209,152,152. 마포구민체육센터 앞,30,37.55661,126.898018
663,마포구,ST-5,103,103. 망원역 2번출구 앞,14,37.554951,126.910835
664,마포구,ST-3,101,101. (구)합정동 주민센터,5,37.549561,126.905754
665,마포구,ST-10,108,108. 서교동 사거리,10,37.552746,126.918617
666,마포구,ST-206,148,148. 용강동 주민센터 앞,11,37.542347,126.943024
667,마포구,ST-990,424,424. 롯데하이마트 (상암월드컵점) ,15,37.57362,126.898048
668,마포구,ST-6,104,104. 합정역 1번출구 앞,13,37.550629,126.914986
669,마포구,ST-203,145,145. 공덕역 5번출구,9,37.54425,126.951637
670,마포구,ST-82,421,421. 마포구청 앞,8,37.565903,126.901184
671,마포구,ST-76,401,401. 상암월드컵파크 10단지 앞,15,37.586189,126.881615
672,마포구,ST-92,413,413. 상암월드컵파크 3단지 후문,9,37.571476,126.889687
673,마포구,ST-26,124,124. 서강대 정문 건너편,20,37.55114,126.936989
674,마포구,ST-200,142,142. 아현역 4번출구 앞,11,37.557201,126.955666
675,마포구,ST-15,111,111. 상수역 2번출구 앞,10,37.547871,126.923531
676,마포구,ST-91,412,412. DMC산학협력연구센터 앞,20,37.575802,126.890739
677,마포구,ST-342,184,184. SK망원동주유소 건너편,9,37.558949,126.907753
678,마포구,ST-443,199,199. 서울 월드컵 경기장,30,37.566845,126.896446
679,마포구,ST-1494,432,432. 마포중앙도서관,10,37.563339,126.908203
680,마포구,ST-28,126,126. 서강대 후문 옆,20,37.550411,126.943848
681,마포구,ST-31,129,129. 신촌역(2호선) 6번출구 옆,15,37.555054,126.937569
682,마포구,ST-77,402,402. 상암월드컵파크 9단지 앞,20,37.582855,126.879822
683,마포구,ST-213,156,156. 서울서부지방법원 앞,10,37.549904,126.955147
684,마포구,ST-87,419,419. 홈플러스 앞,21,37.56842,126.899429
685,마포구,ST-80,405,405. DMC빌 앞,8,37.582657,126.885788
686,마포구,ST-210,153,153. 성산2교 사거리,12,37.564697,126.912613
687,마포구,ST-9,107,107. 신한은행 서교동금융센터점 앞,5,37.55751,126.918503
688,마포구,ST-208,151,151. 망원1동주민센터,10,37.555687,126.905548
689,마포구,ST-992,426,426. 서울신용보증재단,10,37.549061,126.954178
690,마포구,ST-93,417,417. DMC역 2번출구 옆,20,37.575069,126.899918
691,마포구,ST-205,147,147. 마포역 4번출구 뒤,7,37.539272,126.945915
692,마포구,ST-89,418,418. 월드컵경기장역 3번출구 옆,10,37.570721,126.898979
693,마포구,ST-202,144,144. 공덕역 8번출구,10,37.543579,126.951324
694,마포구,ST-23,121,121. 마포소방서 앞,15,37.549767,126.933174
695,마포구,ST-32,130,130. 신촌역(2호선) 7번출구 앞,10,37.554859,126.936157
696,마포구,ST-20,114,114. 홍대입구역 8번출구 앞,15,37.55706,126.924423
697,마포구,ST-95,415,415. DMC역 9번출구 앞,10,37.577469,126.897362
698,마포구,ST-38,136,136. 대흥동 주민센터,7,37.556004,126.942299
699,마포구,ST-344,186,186. 월드컵공원,40,37.563965,126.898209
700,마포구,ST-78,403,403. 부엉이공원 앞,20,37.58559,126.884727
701,마포구,ST-341,183,183. 하늘채코오롱아파트 건너편,15,37.565166,126.919395
702,마포구,ST-339,181,181. 망원초록길 입구,15,37.551342,126.902672
703,마포구,ST-94,414,414. 상암동주민센터 옆,8,37.57822,126.89447
704,마포구,ST-16,112,112. 극동방송국 앞,10,37.549202,126.923203
705,마포구,ST-968,422,422. 문화비축기지,13,37.569084,126.894424
706,마포구,ST-4,102,102. 망원역 1번출구 앞,20,37.555649,126.910629
707,마포구,ST-212,155,155. 가좌역1 번출구 뒤,15,37.56855,126.914513
708,마포구,ST-8,106,106. 합정역 7번출구 앞,10,37.548645,126.912827
709,마포구,ST-83,407,407. 마포구 육아종합지원센터,8,37.580631,126.883675
710,마포구,ST-21,119,119. 서강나루 공원,10,37.545284,126.931053
711,마포구,ST-24,122,122. 신성기사식당 앞,10,37.547249,126.939293
712,마포구,ST-207,150,150. 서강대역 2번출구 앞,15,37.552956,126.934341
713,마포구,ST-7,105,105. 합정역 5번출구 앞,5,37.550007,126.914825
714,마포구,ST-991,425,425. DMC첨단산업센터,10,37.584503,126.885597
715,마포구,ST-96,416,416. 상암월드컵파크 1단지 교차로,12,37.575665,126.894447
716,마포구,ST-110,400,400. 상암한화오벨리스크 1차 앞,15,37.587524,126.883003
717,마포구,ST-204,146,146. 마포역 2번출구 뒤,12,37.539936,126.945824
718,마포구,ST-86,409,409. 누리꿈스퀘어 옆,25,37.579399,126.88916
719,마포구,ST-1477,1687,1687. 서울월드컵경기장 테스트,10,37.568722,126.896225
720,마포구,ST-201,143,143. 공덕역 2번출구,9,37.544579,126.950218
721,마포구,ST-1397,427,427. 성산시영아파트,10,37.569584,126.903816
722,마포구,ST-85,420,420. 서울시 공공자전거 상암센터,40,37.566246,126.896179
723,마포구,ST-343,185,185. 마포 신수공원 앞,15,37.542545,126.934296
724,마포구,ST-88,410,410. 상암중학교 옆,10,37.577496,126.887772
725,마포구,ST-81,406,406. 상암월드컵파크 7단지 앞,15,37.581314,126.880585
726,마포구,ST-340,182,182. 망원2빗물펌프장 앞,10,37.551567,126.902847
727,마포구,ST-84,408,408. LG CNS앞,20,37.580811,126.88665
728,마포구,ST-22,120,120. 신수동 사거리,5,37.545242,126.934113
729,마포구,ST-19,118,118. 광흥창역 2번출구 앞,10,37.547733,126.931763
730,마포구,ST-214,157,157. 애오개역 4번출구 앞,12,37.553001,126.956688
731,서대문구,ST-43,139,139. 연세대 정문 건너편,13,37.559795,126.934479
732,서대문구,ST-33,131,131. 증산2교,23,37.584171,126.911102
733,서대문구,ST-39,137,137. NH농협 신촌지점 앞,10,37.556812,126.943184
734,서대문구,ST-12,115,115. 사루비아 빌딩 앞,15,37.558933,126.927116
735,서대문구,ST-354,198,198. 충정2교,15,37.562138,126.963776
736,서대문구,ST-233,180,180. 충정로역 7번출구 아래,10,37.559967,126.962463
737,서대문구,ST-350,194,194. 증산교 앞,10,37.577316,126.902969
738,서대문구,ST-230,173,173. 서대문역 8번출구 앞,8,37.564777,126.966148
739,서대문구,ST-14,116,116. 일진아이윌아파트 옆,5,37.564541,126.927071
740,서대문구,ST-348,192,192. 연서어린이공원,10,37.572227,126.923065
741,서대문구,ST-228,171,171. 임광빌딩 앞,10,37.564724,126.967278
742,서대문구,ST-1190,3102,3102. 연희삼거리,10,37.567966,126.931725
743,서대문구,ST-554,174,174. 명지대학교 학생회관,10,37.580589,126.923447
744,서대문구,ST-345,177,177. 북가좌 초등학교,8,37.577675,126.909805
745,서대문구,ST-224,167,167. 연가초등학교 옆,15,37.57946,126.91713
746,서대문구,ST-1644,3107,3107. 연희초등학교 앞,7,37.56974,126.933327
747,서대문구,ST-221,164,164. 북가좌1동 주민센터 ,10,37.574478,126.910049
748,서대문구,ST-1188,3100,3100. 북성초교,8,37.557396,126.952164
749,서대문구,ST-34,132,132. 창천문화공원,15,37.556789,126.935883
750,서대문구,ST-219,162,162. 봉원고가차도 밑,15,37.565269,126.946243
751,서대문구,ST-1491,3103,3103. 홍제삼거리 북측,8,37.5867,126.94677
752,서대문구,ST-216,159,159. 이대역 4번 출구,7,37.556953,126.946342
753,서대문구,ST-37,135,135. 명물길 원형무대 앞,10,37.559101,126.939178
754,서대문구,ST-40,138,138. 신촌동 제1공영주차장 앞,10,37.559177,126.934525
755,서대문구,ST-352,196,196. 연희교차로 인근,10,37.56612,126.925896
756,서대문구,ST-232,179,179. 가좌역 4번출구 앞,15,37.569122,126.914795
757,서대문구,ST-35,133,133. 해담는다리,15,37.582031,126.908997
758,서대문구,ST-41,140,140. 이화여대 후문,20,37.560009,126.940735
759,서대문구,ST-347,191,191. 정명학원,10,37.578892,126.910736
760,서대문구,ST-227,170,170. 가재울 뉴타운 주유소 옆,10,37.573112,126.922447
761,서대문구,ST-223,166,166. 가재울 초등학교,20,37.573277,126.919678
762,서대문구,ST-220,163,163. 명지전문대학교 정문 앞,7,37.583698,126.924965
763,서대문구,ST-1493,3105,3105. 홍은센트레빌 아파트 앞,12,37.597149,126.93853
764,서대문구,ST-218,161,161. 무악재역1번 출구,8,37.582245,126.950645
765,서대문구,ST-215,158,158. 독립문 어린이 공원,15,37.571259,126.96048
766,서대문구,ST-30,128,128. 신촌역(2호선) 1번출구 옆,20,37.555496,126.93634
767,서대문구,ST-36,134,134. 연세로 명물길,8,37.557892,126.93808
768,서대문구,ST-42,141,141. 연대 대운동장 옆,20,37.562382,126.932648
769,서대문구,ST-351,195,195. 모래내고가차도 ,10,37.567657,126.917809
770,서대문구,ST-231,175,175. 홍연2교옆,20,37.578072,126.930817
771,서대문구,ST-13,110,110. 사천교,20,37.568199,126.917847
772,서대문구,ST-349,178,178. 증산3교 앞,10,37.579876,126.906349
773,서대문구,ST-229,172,172. 서대문소방서,8,37.573254,126.935722
774,서대문구,ST-555,176,176. 명지대학교 도서관,10,37.581097,126.924026
775,서대문구,ST-346,188,188. 홍은동 정원여중 입구,10,37.586388,126.935127
776,서대문구,ST-226,169,169. 북가좌 삼거리,15,37.573002,126.907799
777,서대문구,ST-222,165,165. 중앙근린공원,20,37.575138,126.91394
778,서대문구,ST-1189,3101,3101. 서대문구청,15,37.578381,126.936096
779,서대문구,ST-25,123,123. 문화촌 공원,20,37.59433,126.947388
780,서대문구,ST-1492,3104,3104. e편한세상 신촌4단지 앞,13,37.558128,126.956207
781,서대문구,ST-217,160,160. 북아현동 가구거리,20,37.557549,126.959381
782,서초구,ST-768,2243,2243.서울가정법원,15,37.481491,127.036728
783,서초구,ST-1310,2284,2284. CJ오쇼핑앞,10,37.468102,126.986801
784,서초구,ST-1557,2506,2506. LG유플러스 (방배사옥),10,37.479092,126.990677
785,서초구,ST-765,2239,2239.교대역 6번출구,10,37.494217,127.013786
786,서초구,ST-1308,2282,2282. 방배래미안아트힐 101동앞,15,37.477203,127.005836
787,서초구,ST-1554,2503,2503. 반포1동 서초빌딩 앞,10,37.503811,127.021362
788,서초구,ST-1655,2509,2509. KT반포지사,16,37.498371,126.992462
789,서초구,ST-928,2215,2215. 반포종합운동장 입구,10,37.501713,126.995476
790,서초구,ST-1305,2279,2279. 교대역 5번출구뒤,10,37.493618,127.014183
791,서초구,ST-1169,2277,2277. 길마중4교 하부,10,37.51487,127.015282
792,서초구,ST-1405,2298,2298. 래미안서초스위트앞,12,37.502411,127.021606
793,서초구,ST-762,2233,2233. 서초신동아1차아파트 옆,20,37.491112,127.022957
794,서초구,ST-925,2203,2203. 청계산입구역 2번출구,20,37.447659,127.055016
795,서초구,ST-1166,2274,2274. 양재시민의숲역 3번출구,10,37.46965,127.039612
796,서초구,ST-890,2252,2252. 하이브랜드 앞,25,37.463322,127.036041
797,서초구,ST-1163,2271,2271. 내방역 8번출구 앞,8,37.487865,126.994293
798,서초구,ST-757,2227,2227.방배열린문화센터 앞,15,37.489052,126.992523
799,서초구,ST-1360,2293,2293. SPC 앞,10,37.484798,127.036995
800,서초구,ST-1160,2268,2268. 서초4동주민센터 ,10,37.502319,127.02227
801,서초구,ST-754,2223,2223. 방배래미안 정문 앞,20,37.47261,126.983009
802,서초구,ST-780,2259,2259. 잠원역 3번-4번 출구사이 ,15,37.512989,127.011177
803,서초구,ST-881,2250,2250. 서초유치원 맞은편,10,37.455799,127.016289
804,서초구,ST-751,2220,2220. 반포본동 주민센터 앞,10,37.500614,126.98616
805,서초구,ST-879,2263,2263. 바우뫼문화복지회관,20,37.471928,127.02684
806,서초구,ST-748,2214,2214. 신반포역 2번출구 앞,15,37.504116,126.99749
807,서초구,ST-775,2258,2258.구룡사 삼거리,20,37.471539,127.050591
808,서초구,ST-745,2210,2210. 반포1동 주민센터 앞,15,37.505096,127.013107
809,서초구,ST-772,2255,2255.시민의숲역 1번출구 옆,25,37.47044,127.038857
810,서초구,ST-742,2202,2202.청계산입구역 1번출구,20,37.448936,127.054375
811,서초구,ST-1315,2289,2289. 남태령역 2번출구,10,37.464298,126.988525
812,서초구,ST-935,2264,2264. 이수역 1번출구,9,37.488556,126.982574
813,서초구,ST-1312,2286,2286. 탑성마을입구,10,37.458549,127.055885
814,서초구,ST-767,2242,2242.양재역 11번 출구 앞,20,37.48399,127.03418
815,서초구,ST-1556,2505,2505. 우성아파트사거리 (기업은행앞),12,37.493259,127.029533
816,서초구,ST-764,2237,2237.서울남부터미널 대합실 입구,20,37.484558,127.01487
817,서초구,ST-1307,2281,2281. 연세사랑병원신관앞,7,37.475979,126.986282
818,서초구,ST-1553,2502,2502. 서초역1번출구 앞,9,37.491951,127.008553
819,서초구,ST-1654,2508,2508. 양재이스타빌 앞,10,37.482979,127.042259
820,서초구,ST-927,2211,2211. 서초구립반포도서관 앞,10,37.502636,127.012314
821,서초구,ST-1168,2276,2276. 영동1교 (양재천근린공원),15,37.474388,127.038902
822,서초구,ST-1404,2297,2297. 남부터미널역 1번출구,10,37.485672,127.015923
823,서초구,ST-761,2231,2231. 삼성타운(삼성생명) A동 맞은편,15,37.496914,127.024963
824,서초구,ST-1165,2273,2273. 일동제약 사거리,10,37.477829,127.038269
825,서초구,ST-759,2229,2229.로고스교회 맞은 편,10,37.487011,126.984962
826,서초구,ST-1162,2270,2270. 서초포레스타 7단지,10,37.448967,127.057739
827,서초구,ST-756,2226,2226. 신동아럭스빌아파트 앞,15,37.475182,127.001389
828,서초구,ST-753,2222,2222.사당역 12번출구 뒤,10,37.478069,126.982033
829,서초구,ST-880,2249,2249. 우솔초등학교 맞은편,10,37.456234,127.019348
830,서초구,ST-750,2219,"2219. 고속터미널역 8-1번, 8-2번 출구 사이",20,37.506199,127.003944
831,서초구,ST-747,2213,2213. 고속터미널역 5번출구 앞,20,37.502232,127.002258
832,서초구,ST-774,2257,2257. 하나로클럽 양재점 맞은편,10,37.462688,127.046112
833,서초구,ST-744,2206,2206. 언남초등학교 앞,20,37.454399,127.062309
834,서초구,ST-771,2247,2247.섬들근린공원,25,37.462639,127.026619
835,서초구,ST-741,2201,2201. 본마을 정류소 앞,20,37.453281,127.051483
836,서초구,ST-1314,2288,2288. 안골마을입구,10,37.455608,127.064453
837,서초구,ST-769,2244,2244.교육개발원입구 교차로,20,37.477852,127.03891
838,서초구,ST-1311,2285,2285. LH서초3단지 301동 맞은편,15,37.457424,127.022652
839,서초구,ST-766,2241,2241.양재전화국 사거리,10,37.485378,127.041702
840,서초구,ST-1309,2283,2283. 그룹한빌딩옆,10,37.486526,126.989166
841,서초구,ST-1555,2504,2504. 신사역 4번출구 뒤,10,37.515881,127.019302
842,서초구,ST-929,2248,2248. 서초리슈빌S 글로벌 앞,10,37.459953,127.024742
843,서초구,ST-1306,2280,2280. 서울서초고용센터앞,10,37.484161,127.010971
844,서초구,ST-1552,2501,2501. 서초 포레스타5단지,10,37.450661,127.05706
845,서초구,ST-1406,2299,2299. 한전아트센터 앞,12,37.486469,127.028061
846,서초구,ST-763,2235,2235.KT 서초지사 앞,15,37.482159,127.002701
847,서초구,ST-926,2207,2207. 내곡파출소 뒤 정자,9,37.454407,127.064926
848,서초구,ST-1167,2275,2275. 염곡치안센터 건너편,10,37.461578,127.048798
849,서초구,ST-760,2230,2230.이수역 4번 출구,20,37.485828,126.982628
850,서초구,ST-1164,2272,2272. 교대입구 교차로,10,37.487309,127.010582
851,서초구,ST-889,2246,2246. 서울시 품질시험소 앞,15,37.4692,127.029007
852,서초구,ST-758,2228,2228.뒷벌공원 옆,20,37.489586,126.986725
853,서초구,ST-1361,2294,2294. 두상빌딩 앞,15,37.475906,127.046242
854,서초구,ST-1161,2269,2269. 주홍교 하부,10,37.510349,127.016052
855,서초구,ST-755,2225,2225.백석예술대학교 제3캠퍼스 앞,15,37.473759,126.995247
856,서초구,ST-781,2251,2251. 더케이호텔 입구(양재2) ,10,37.467506,127.034477
857,서초구,ST-1359,2292,2292. 무지개아파트 앞,15,37.488243,127.027016
858,서초구,ST-949,2265,2265. 이수고가차도 남단,25,37.494106,126.982994
859,서초구,ST-1158,2266,2266. 서초역 3번출구,15,37.49054,127.008163
860,서초구,ST-752,2221,2221.하나은행 방배동지점 앞,15,37.485611,126.994682
861,서초구,ST-749,2217,2217.아크로리버뷰 부지 앞,20,37.513046,127.005959
862,서초구,ST-776,2262,2262. 한신16차아파트 119동 앞,20,37.516598,127.00959
863,서초구,ST-746,2212,2212.서초현대4차아파트 201동 맞은편,20,37.500961,127.017929
864,서초구,ST-773,2256,2256.양재동 꽃시장 입구,10,37.46769,127.040359
865,서초구,ST-743,2205,2205. 내곡3단지 어린이공원 앞,15,37.453751,127.05938
866,서초구,ST-1316,2290,2290. 서래마을파리15구공원앞,10,37.499413,126.999413
867,서초구,ST-770,2245,2245.양재초등학교 맞은편,20,37.473614,127.03051
868,서초구,ST-1313,2287,2287. 능안마을입구,10,37.45562,127.067101
869,성동구,ST-364,563,563. 성동세무서 건너편,10,37.547913,127.062752
870,성동구,ST-241,525,525. 한양대병원사거리,20,37.558052,127.040352
871,성동구,ST-361,560,560. 비전교회 앞,8,37.551205,127.068932
872,성동구,ST-239,523,523. 옥수동성당 옆,11,37.543663,127.014061
873,성동구,ST-359,558,558. 성동광진 교육지원청 앞,20,37.564606,127.036522
874,성동구,ST-106,509,509. 이마트 버스정류소 옆,20,37.539654,127.052589
875,성동구,ST-236,520,520. 상왕십리역 4번 출구 앞,10,37.563858,127.030319
876,성동구,ST-103,506,506. 금호 어울림 아파트 앞,7,37.549061,127.057793
877,성동구,ST-1197,3513,3513. 상왕십리역 1번출구,10,37.56461,127.029198
878,성동구,ST-1617,3531,3531. 논골사거리(금호도서관 입구),15,37.554779,127.024841
879,성동구,ST-446,585,585. 성수2가1동 공영주차장 인근,9,37.536808,127.055489
880,성동구,ST-482,587,587. KEB하나은행 성수중앙지점,10,37.545418,127.052643
881,성동구,ST-375,582,582. 경일중학교 앞,10,37.543179,127.04908
882,성동구,ST-251,550,550. 서울시설공단 앞,15,37.57164,127.03566
883,성동구,ST-372,579,579. 마장역 4번출구,8,37.565205,127.041847
884,성동구,ST-249,537,537. 한양대후문역 부근,10,37.560356,127.041397
885,성동구,ST-506,589,589. 성수역3번출구,8,37.544159,127.056656
886,성동구,ST-246,534,534. 금호사거리,20,37.548634,127.025726
887,성동구,ST-366,565,565. 옥수역 3번출구,20,37.541363,127.017662
888,성동구,ST-107,510,510. 서울숲 남문 버스정류소 옆,10,37.541222,127.0438
889,성동구,ST-243,529,529. 장한평역 8번 출구 앞,15,37.561371,127.06366
890,성동구,ST-363,562,562. 군자지하보도 앞,10,37.559246,127.07341
891,성동구,ST-240,524,524. 래미안금호하이리버 아파트 102동 옆,10,37.5522,127.025055
892,성동구,ST-360,559,559. 왕십리역 4번 출구 건너편,10,37.561096,127.036797
893,성동구,ST-238,522,522. 금호역 1번출구 앞,9,37.548641,127.016426
894,성동구,ST-1336,3519,3519. 용답역 1번 출구,10,37.562607,127.051308
895,성동구,ST-358,557,557. 도선동 주민센터 앞,10,37.567642,127.025696
896,성동구,ST-235,519,519. 양지사거리,20,37.566994,127.029915
897,성동구,ST-1199,3515,3515. 서울숲 관리사무소,20,37.542816,127.042084
898,성동구,ST-1195,3511,3511. 응봉역 1번출구,10,37.55125,127.035103
899,성동구,ST-1616,3530,3530. 왕십리자이아파트 후문(삼거리),15,37.560146,127.02636
900,성동구,ST-374,581,581. 용답초등학교,13,37.561012,127.054237
901,성동구,ST-250,538,538. 답십리역 8번출구 앞,15,37.56765,127.051155
902,성동구,ST-371,578,578. 성동세무서 부근,8,37.548286,127.062088
903,성동구,ST-248,536,536. 행당역 2번출구 앞,8,37.55735,127.029213
904,성동구,ST-104,507,507. 성수아이에스비즈타워 앞,7,37.548203,127.057114
905,성동구,ST-369,568,568. 청계8가사거리 부근,10,37.571102,127.02356
906,성동구,ST-245,533,533. 우리은행 금호동 지점 앞,7,37.548149,127.021088
907,성동구,ST-365,564,564. 금호역 3번출구,15,37.547928,127.015572
908,성동구,ST-242,526,526. 용답토속공원 앞,10,37.563511,127.056725
909,성동구,ST-1659,3538,3538. 서울숲 IT캐슬,14,37.550892,127.044762
910,성동구,ST-362,561,561. 서울숲역 2번출구 앞,10,37.542816,127.04467
911,성동구,ST-237,521,521. 왕십리역 11번 출구 앞,14,37.561447,127.03492
912,성동구,ST-357,556,556. 달맞이공원,20,37.542053,127.020401
913,성동구,ST-234,518,518. 청계천 박물관 앞,20,37.571526,127.035355
914,성동구,ST-1198,3514,3514. 왕십리교회옆,10,37.566261,127.023697
915,성동구,ST-1618,3532,3532. 왕십리KCC스위첸아파트,15,37.56068,127.026779
916,성동구,ST-109,512,512. 뚝섬역 1번 출구 옆,15,37.548561,127.045006
917,성동구,ST-105,508,508. 성수아카데미타워 앞,10,37.545166,127.05751
918,성동구,ST-447,586,586. 마장동 주민센터,10,37.565941,127.045395
919,성동구,ST-112,514,514. 성수사거리 버스정류장 앞,7,37.54258,127.063309
920,성동구,ST-376,583,583. 청계천 생태교실 앞,20,37.56797,127.04689
921,성동구,ST-373,580,580. 신금호역 3번출구 뒤,6,37.554493,127.02021
922,성동구,ST-108,511,511. 서울숲역 4번 출구 옆,16,37.544582,127.044609
923,성동구,ST-1601,3527,3527. 왕십리 자이아파트,8,37.56179,127.024391
924,성동구,ST-370,569,569. 응봉현대아파트 정류소,10,37.549583,127.030243
925,성동구,ST-247,535,535. 응봉삼거리,16,37.553986,127.033592
926,성동구,ST-111,513,513. 뚝섬역 5번 출구 정류소 옆,13,37.546307,127.049805
927,성동구,ST-1599,3525,3525. 금호스포츠센터앞,15,37.546089,127.02507
928,성동구,ST-368,567,567. 성수역 2번출구 앞,15,37.54459,127.057083
929,성동구,ST-244,530,530. 청계벽산아파트 앞,9,37.568748,127.030403
930,성동구,ST-967,594,594. 중랑물재생센터(서울새활용플라자),15,37.558365,127.056908
931,성북구,ST-1208,1344,1344. 아리랑시네센터 앞,10,37.600288,127.013702
932,성북구,ST-571,1325,1325. 상월곡역 4번출구,10,37.605808,127.047737
933,성북구,ST-1204,1340,1340. 광운초등학교 앞,8,37.61956,127.053802
934,성북구,ST-825,1302,1302. 한성대입구역6번출구 뒤,5,37.588764,127.00631
935,성북구,ST-1201,1337,1337. 돈암성당 옆,10,37.590382,127.017136
936,성북구,ST-563,1318,1318. 길음역 3번출구 뒤,10,37.603085,127.024788
937,성북구,ST-560,1315,1315. 고려사대부속중고 정문,10,37.607761,127.003281
938,성북구,ST-842,1306,1306. 한성대입구역2번출구,10,37.588448,127.006706
939,성북구,ST-1460,1368,1368. 성신여대입구 교차로,10,37.59148,127.020103
940,성북구,ST-1217,1353,1353. 금호어울림센터힐 내,8,37.60083,127.023552
941,성북구,ST-1458,1366,1366. 일신초등학교 옆,10,37.59972,127.040382
942,성북구,ST-1386,1360,1360. 정릉역,10,37.603096,127.013504
943,성북구,ST-1637,1373,1373. 성북구보건소 건너편,8,37.602291,127.038979
944,성북구,ST-1213,1349,1349. 월계2교 버스정류장 앞,10,37.623829,127.050201
945,성북구,ST-1455,1363,1363. 보문4교 인근,15,37.583752,127.02195
946,성북구,ST-1383,1357,1357. 북한산보국문역,20,37.612072,127.008133
947,성북구,ST-1633,1369,1369. 미아사거리,15,37.609131,127.030029
948,성북구,ST-1210,1346,1346. 길음8골어린이공원 옆,15,37.608978,127.020248
949,성북구,ST-1207,1343,1343. 한성대7번출구 앞,10,37.589249,127.007378
950,성북구,ST-827,1308,1308. 안암로터리 버스정류장 앞,18,37.582592,127.028976
951,성북구,ST-1203,1339,1339. 삼성전자서비스 성북센터,9,37.610569,127.033508
952,성북구,ST-1200,1336,1336. 성북3교 위,20,37.591251,127.014008
953,성북구,ST-565,1322,1322. 래미안라센트아파트 103동 앞,10,37.598068,127.039276
954,성북구,ST-562,1316,1316. 고려사대부속중고 건너편 ,20,37.607262,127.002838
955,성북구,ST-655,1321,1321. 국민은행 종암동지점 앞,15,37.593288,127.036667
956,성북구,ST-557,1313,1313. 정릉교회 앞,10,37.603245,127.014191
957,성북구,ST-947,1305,1305. 성북구청,15,37.589329,127.016434
958,성북구,ST-1216,1352,1352. e 편한세상 보문아파트 내,8,37.583881,127.017097
959,성북구,ST-579,1333,1333. 석관초등학교 앞,15,37.610523,127.059799
960,성북구,ST-1457,1365,1365. 선잠단지 앞,15,37.593361,126.999092
961,성북구,ST-1385,1359,1359. 장위뉴타운 꿈에 숲 코오롱 하늘채 앞,20,37.619801,127.045097
962,성북구,ST-1317,1354,1354. 고려대학교 2번출구,10,37.590714,127.036194
963,성북구,ST-1636,1372,1372. KEB은행 고대점,15,37.586559,127.03196
964,성북구,ST-1347,1355,1355. 보문2교,20,37.588699,127.018913
965,성북구,ST-1212,1348,1348. 성북제일새마을금고 본점 앞,12,37.604752,127.022758
966,성북구,ST-1454,1362,1362. 보문역6번출구 앞,10,37.585098,127.019676
967,성북구,ST-572,1326,1326. 상월곡역 1번출구,10,37.606068,127.047318
968,성북구,ST-1206,1342,1342. 성북쉼터 앞,15,37.592617,126.997932
969,성북구,ST-931,1303,1303. 돈암초교 입구,10,37.591694,127.012497
970,성북구,ST-826,1304,1304. 만해공원,15,37.594402,126.99231
971,성북구,ST-1202,1338,1338. 용문2교 옆,15,37.586899,127.020752
972,성북구,ST-567,1323,1323. 월곡역 입구 육교 밑,10,37.600433,127.040207
973,성북구,ST-564,1319,1319. 종암사거리 분수대,10,37.603043,127.033272
974,성북구,ST-597,1320,1320. LG베스트샵 종암점,10,37.599285,127.034622
975,성북구,ST-559,1314,1314. 정릉꿈에그린1단지 201동 앞,8,37.60244,127.011688
976,성북구,ST-910,1328,1328. 월곡역 3번출구,10,37.602627,127.041634
977,성북구,ST-846,1317,1317. 정릉동 교통광장,10,37.612774,127.006531
978,성북구,ST-1424,1361,1361. 홍익중고 입구,13,37.592842,127.002121
979,성북구,ST-580,1334,1334. 석관동주민센터 앞,10,37.612999,127.06131
980,성북구,ST-1459,1367,1367. 길음문화복합미디어센터,15,37.603512,127.02256
981,성북구,ST-1215,1351,1351. 안암2교 옆,8,37.579449,127.024193
982,성북구,ST-578,1332,1332. 석계역 5번출구 건너편,10,37.613556,127.066093
983,성북구,ST-1456,1364,1364. 성북동 치안센터 앞,10,37.590172,127.004089
984,성북구,ST-1384,1358,1358. 정릉도서관 앞,7,37.60479,127.010582
985,성북구,ST-1634,1370,1370. 복자사랑 피정의 집,20,37.59454,126.995209
986,성북구,ST-1211,1347,1347. 길음래미안아파트817동 상가 앞,20,37.607105,127.0215
987,성북구,ST-574,1327,1327. 상월곡역 3번출구,10,37.607342,127.050682
988,송파구,ST-1411,1280,1280. 송파파크데일 2단지입구 앞 주차장,20,37.495659,127.157173
989,송파구,ST-933,1221,1221. 삼전사거리 포스코더샵,10,37.5042,127.087532
990,송파구,ST-737,1203,1203. 밀리아나2빌딩 앞,20,37.493729,127.120621
991,송파구,ST-540,1206,1206. 9호선종합운동장역 9번출구,20,37.51128,127.078239
992,송파구,ST-1658,2607,2607. 복정역 2번출구 후문 (장지치안센터),15,37.47065,127.127113
993,송파구,ST-1592,2603,2603. 송파 글마루 도서관,10,37.480801,127.130341
994,송파구,ST-930,1204,1204. 거여역 3번출구,10,37.493343,127.14473
995,송파구,ST-897,1230,1230. 송파중학교 정문,10,37.49567,127.130592
996,송파구,ST-1408,1277,1277. 오금동 송파 참병원,8,37.503757,127.137093
997,송파구,ST-1589,1300,1300. 오륜사거리,15,37.506939,127.139221
998,송파구,ST-894,1226,1226. 잠실4동 주민센터 옆,10,37.520077,127.112366
999,송파구,ST-1585,1296,1296. 석촌호수교차로 (송파나루근린공원 앞),10,37.508678,127.103432
1000,송파구,ST-1580,1291,1291. 서울체육고등학교 앞,10,37.521938,127.131866
1001,송파구,ST-1088,1269,1269. 리센츠아파트 ,10,37.511944,127.091217
1002,송파구,ST-1085,1266,1266. 문정동 글샘 공원,10,37.478809,127.120003
1003,송파구,ST-550,1232,1232. 롯데마트 주차장 옆,10,37.512089,127.096191
1004,송파구,ST-1082,1263,1263. 장지공영차고지,10,37.480541,127.137016
1005,송파구,ST-907,1247,1247. 문정 법조단지11,15,37.478821,127.123512
1006,송파구,ST-839,1212,1212. 송파역 2번 출구앞,10,37.499413,127.112869
1007,송파구,ST-1681,2608,2608. 송파구청,10,37.514359,127.106194
1008,송파구,ST-1079,1260,1260. 방이동 한양3차아파트 옆,8,37.506302,127.121399
1009,송파구,ST-548,1224,1224. 아시아지하보도 2번 출구,15,37.512169,127.078934
1010,송파구,ST-1418,1287,1287. 위례아이파크 101동 맞은편,8,37.477531,127.141518
1011,송파구,ST-1076,1257,1257. 가락시장역 롯데마트앞,20,37.4921,127.117752
1012,송파구,ST-545,1217,1217. 송파파인타운 7단지,15,37.479271,127.129578
1013,송파구,ST-904,1244,1244. 문정 법조단지8,7,37.481537,127.122124
1014,송파구,ST-1414,1283,1283. 오금공원 사거리,8,37.505455,127.131752
1015,송파구,ST-739,1211,1211. 방이삼거리,7,37.512104,127.10778
1016,송파구,ST-542,1209,1209. 잠실나루역 (2번 출구 쪽),20,37.520451,127.104202
1017,송파구,ST-901,1241,1241. 문정 법조단지5,15,37.481239,127.119797
1018,송파구,ST-1410,1279,1279. 마천금호어울림 1차아파트 건너편,10,37.497517,127.154678
1019,송파구,ST-539,1205,1205. 종합운동장역 4번출구,15,37.510429,127.071373
1020,송파구,ST-1657,2606,2606. 위례동주민센터 맞은편 근린공원,10,37.481739,127.143227
1021,송파구,ST-1590,2601,2601. 석촌호수 서호사거리,10,37.506748,127.098831
1022,송파구,ST-896,1228,1228. 마천사거리 ,10,37.4977,127.146202
1023,송파구,ST-1588,1299,1299. 송파소방서 (방이119안전센터),15,37.519878,127.136711
1024,송파구,ST-892,1218,1218. 방이역 4번출구,12,37.508968,127.125839
1025,송파구,ST-1584,1295,1295. 잠실역 8번출구,20,37.513962,127.100304
1026,송파구,ST-1367,1275,1275. 거여초등학교 옆,15,37.504589,127.139366
1027,송파구,ST-1092,1274,1274. 영파여고 앞,20,37.532848,127.121048
1028,송파구,ST-1087,1268,1268. 몽촌토성역 1번출구 옆,15,37.517288,127.114197
1029,송파구,ST-553,1235,1235. 잠실트리지움310동 옆,15,37.508339,127.088142
1030,송파구,ST-1084,1265,1265. 문정동 근린공원,10,37.485989,127.124763
1031,송파구,ST-909,1249,1249. 아주중학교건너편,10,37.505463,127.077347
1032,송파구,ST-840,1231,1231. 잠실역 6번출구,10,37.514088,127.09903
1033,송파구,ST-1422,1289,1289. 풍납동 자전거보관소,10,37.531471,127.111092
1034,송파구,ST-1081,1262,1262. 송파여성문화회관 앞,10,37.505802,127.109718
1035,송파구,ST-838,1201,1201. 가락시장역 3번 출구,10,37.493179,127.118546
1036,송파구,ST-1078,1259,1259. 방이역 1번출구,15,37.508984,127.126595
1037,송파구,ST-547,1222,1222. 잠실새내역 5번 출구 뒤,15,37.511982,127.085052
1038,송파구,ST-906,1246,1246. 문정 법조단지10,30,37.477509,127.126328
1039,송파구,ST-1417,1286,1286. 위례중앙푸르지오 1단지 앞,10,37.474377,127.140671
1040,송파구,ST-1072,1253,1253. 오금역 3번 출구 뒤,10,37.501652,127.128181
1041,송파구,ST-544,1215,1215. 올림픽공원역 1번출구 앞,15,37.516571,127.131538
1042,송파구,ST-903,1243,1243. 문정 법조단지7,20,37.484531,127.120163
1043,송파구,ST-1413,1282,1282. 송파소방서 맞은편(성내4교),10,37.499874,127.141479
1044,송파구,ST-738,1207,1207. 마천CU우방점 앞,10,37.499756,127.152504
1045,송파구,ST-541,1208,1208. 풍납현대아파트쉼터,20,37.529675,127.119789
1046,송파구,ST-900,1240,1240. 문정 법조단지4,10,37.480576,127.118568
1047,송파구,ST-1627,2604,2604. 삼표레미콘 앞,10,37.531311,127.111282
1048,송파구,ST-899,1239,1239. 문정 법조단지3,20,37.480843,127.118011
1049,송파구,ST-1409,1278,1278. 송파구청 교차로,10,37.515831,127.106796
1050,송파구,ST-1656,2605,2605. 복정역 1번 출구 앞,15,37.471298,127.12709
1051,송파구,ST-895,1227,1227. 거여역 8번출구 뒤,10,37.493126,127.143822
1052,송파구,ST-1586,1297,1297. 석촌호수교차로(동호 팔각정 앞),10,37.509201,127.104118
1053,송파구,ST-1717,2617,2617. 가락삼환아파트 앞,15,37.496181,127.138031
1054,송파구,ST-891,1210,1210. 롯데월드타워(잠실역2번출구 쪽),30,37.513126,127.10096
1055,송파구,ST-1582,1293,1293. 석촌호교차로 (스타벅스 앞),10,37.506561,127.096558
1056,송파구,ST-981,1250,1250.문정2동 주민센터,10,37.490047,127.110748
1057,송파구,ST-1579,1290,1290. 위례송파꿈에그린아파트24단지 앞 성벽 다리 밑,10,37.474659,127.137718
1058,송파구,ST-1086,1267,1267. 올림픽공원 남2문 앞,15,37.51424,127.12307
1059,송파구,ST-551,1233,1233. 잠실3거리(갤러리아팰리스),9,37.510509,127.093369
1060,송파구,ST-1083,1264,1264. 천호역 10번 출구 앞,8,37.538582,127.122803
1061,송파구,ST-908,1248,1248. 방이초등학교,20,37.513962,127.121674
1062,송파구,ST-549,1229,1229. 송파체육문화회관 앞,15,37.490688,127.143127
1063,송파구,ST-1419,1288,1288. 문정중교 사거리,15,37.487999,127.131088
1064,송파구,ST-1077,1258,1258. 가락미륭아파트 앞,10,37.493198,127.128998
1065,송파구,ST-546,1220,1220. 잠실본동주민센터뒤 잠실근린공원,15,37.505692,127.084038
1066,송파구,ST-905,1245,1245. 문정 법조단지9,10,37.479465,127.125328
1067,송파구,ST-1416,1285,1285. 위례별 유치원 뒤,15,37.47747,127.144592
1068,송파구,ST-1070,1251,1251. 석촌역 2번출구,10,37.505932,127.10775
1069,송파구,ST-740,1214,1214. 오금역 7번 출구 인근,10,37.502594,127.127647
1070,송파구,ST-543,1213,1213. 백토공원 앞,20,37.50766,127.132736
1071,송파구,ST-902,1242,1242. 문정 법조단지6,15,37.48209,127.119743
1072,양천구,ST-996,725,725. 양강중학교앞 교차로,15,37.524334,126.850548
1073,양천구,ST-1002,731,731. 서울시 도로환경관리센터,10,37.5299,126.876541
1074,양천구,ST-993,722,722. LG전자베스트샵 신정점 ,10,37.521435,126.857384
1075,양천구,ST-320,713,713. 양서중학교 옆,20,37.533047,126.829956
1076,양천구,ST-1501,760,760. 잣절보도육교 아래,10,37.506821,126.844299
1077,양천구,ST-318,711,711. 신일해피트리아파트 앞,20,37.517059,126.848488
1078,양천구,ST-315,708,708. 서울출입국관리사무소 앞,16,37.51897,126.869965
1079,양천구,ST-1016,745,745. 강서초등학교,10,37.522282,126.839699
1080,양천구,ST-1497,756,756. 목동주차장,10,37.52668,126.876167
1081,양천구,ST-312,704,704. 남부법원검찰청 교차로,15,37.523254,126.864906
1082,양천구,ST-1013,742,742. 등촌역 5번 출구 뒤,10,37.550732,126.864578
1083,양천구,ST-1010,739,739. 신월사거리,15,37.536201,126.827797
1084,양천구,ST-1007,736,736. 오솔길공원,10,37.52219,126.8367
1085,양천구,ST-432,720,720. 서울강월초등학교 앞,10,37.516197,126.8349
1086,양천구,ST-1004,733,733. 신정이펜하우스314동,10,37.514099,126.831001
1087,양천구,ST-995,724,724. 계남공원 입구 주출입구 좌측,15,37.510681,126.857399
1088,양천구,ST-428,716,716.신정6동 주민센터 인근,15,37.517281,126.864334
1089,양천구,ST-1000,729,729. 서부식자재마트 건너편,10,37.51038,126.866798
1090,양천구,ST-1400,752,752. 성원2차 아파트,10,37.542183,126.863304
1091,양천구,ST-1505,764,764. 목동청소년수련관,30,37.531029,126.875893
1092,양천구,ST-1398,750,750. 연의근린공원 건너편,10,37.512157,126.835625
1093,양천구,ST-1500,759,759. 보아스아파트 앞,10,37.524071,126.8386
1094,양천구,ST-317,710,710. 서부화물트럭터미널 사거리,12,37.510658,126.842537
1095,양천구,ST-1018,747,747. 목동3단지 상가,10,37.53458,126.875648
1096,양천구,ST-1499,758,758. 한사랑교회 앞,10,37.514721,126.8592
1097,양천구,ST-314,707,707. 신정3동주민센터,10,37.515156,126.854897
1098,양천구,ST-1015,744,744. 신목동역 2번 출구,10,37.543842,126.882545
1099,양천구,ST-1496,755,755. 목동1단지아파트 상가 앞 (월촌중학교 버스정류소 옆),10,37.537868,126.881409
1100,양천구,ST-311,703,703. 오목교역 7번출구 앞,12,37.524063,126.87558
1101,양천구,ST-1012,741,741. 화곡로 입구 교차로,10,37.53952,126.825401
1102,양천구,ST-1350,749,749. 이대 목동병원 앞,10,37.537228,126.886612
1103,양천구,ST-309,701,701. 목동사거리 부근,8,37.532803,126.86393
1104,양천구,ST-1006,735,735. 영도초등학교,10,37.53643,126.871521
1105,양천구,ST-997,726,726. 목동3단지 시내버스정류장,15,37.534389,126.869598
1106,양천구,ST-431,719,719. 홍익병원앞 교차로,10,37.530369,126.864258
1107,양천구,ST-1003,732,732. 신월동 이마트,10,37.539551,126.8283
1108,양천구,ST-994,723,723. SBS방송국,15,37.529163,126.872749
1109,양천구,ST-321,714,714. 한국SGI 양천문화회관 앞,10,37.532547,126.830803
1110,양천구,ST-1504,763,763. 목동11단지 아파트,10,37.511318,126.85862
1111,양천구,ST-319,712,712. 강월초교입구 사거리,14,37.516998,126.838318
1112,양천구,ST-316,709,709. 신정3동 현장민원실 앞,20,37.511585,126.84156
1113,양천구,ST-1017,746,746. 목동2단지 상가,10,37.536503,126.877747
1114,양천구,ST-1498,757,757. 신정이펜하우스 1단지아파트 입구 사거리,10,37.514278,126.828743
1115,양천구,ST-313,706,706. 신정네거리역,15,37.521881,126.851753
1116,양천구,ST-1014,743,743. 현대6차아파트 101동 옆,10,37.5089,126.842682
1117,양천구,ST-1495,754,754. 목동1단지아파트 118동 앞 (월촌초등학교 정류소 옆),10,37.541142,126.876678
1118,양천구,ST-310,702,702. 목4동주민센터 옆,16,37.532543,126.868729
1119,양천구,ST-1011,740,740. 으뜸공원,10,37.536369,126.831711
1120,양천구,ST-308,700,700. KB국민은행 염창역 지점 앞,20,37.546848,126.872772
1121,양천구,ST-1008,737,737. 장수공원,10,37.52256,126.84948
1122,양천구,ST-1005,734,734. 신트리공원 입구,10,37.51395,126.856056
1123,영등포구,ST-301,253,253. 신풍역 5번출구 인근,10,37.500648,126.909515
1124,영등포구,ST-425,271,271. 샛강생태공원방문자센터 앞,10,37.518963,126.921616
1125,영등포구,ST-53,206,206. KBS 앞,35,37.524666,126.918022
1126,영등포구,ST-63,220,220. 미성아파트 A동 앞,30,37.519363,126.926048
1127,영등포구,ST-421,267,267. 삼성화재 사옥 옆,10,37.535961,126.8983
1128,영등포구,ST-297,249,249. 여의도중학교 옆,8,37.52412,126.936546
1129,영등포구,ST-73,207,207. 여의나루역 1번출구 앞,40,37.526989,126.932098
1130,영등포구,ST-1652,286,286. 우성아파트 교차로,8,37.494572,126.89975
1131,영등포구,ST-419,265,265. 영등포유통상가 사거리,15,37.521133,126.896538
1132,영등포구,ST-294,245,245. 삼성생명 당산사옥 앞,10,37.528263,126.896629
1133,영등포구,ST-416,262,262. 영문초등학교 사거리,12,37.519928,126.889183
1134,영등포구,ST-291,242,242. 신길선원가와인아파트 앞,15,37.510933,126.910225
1135,영등포구,ST-52,205,205. 산업은행 앞,20,37.526264,126.920509
1136,영등포구,ST-288,239,239. 유스호스텔 앞,20,37.525852,126.903282
1137,영등포구,ST-59,213,213. KT앞,15,37.521908,126.918953
1138,영등포구,ST-1541,282,282. 신한은행,10,37.48753,126.904877
1139,영등포구,ST-69,223,223. 진주아파트상가 앞,20,37.519314,126.933167
1140,영등포구,ST-285,236,236. 문래동자이아파트 앞,10,37.516155,126.894615
1141,영등포구,ST-1700,292,292. 영일 어린이공원,10,37.51012,126.904068
1142,영등포구,ST-65,216,216. 삼부아파트1동 앞,10,37.523491,126.932899
1143,영등포구,ST-1539,280,280. 양평동6차현대아파트 앞,10,37.532101,126.89444
1144,영등포구,ST-282,233,233. YP 센터 앞,10,37.528488,126.891647
1145,영등포구,ST-1697,289,289. 대림3동사거리,10,37.499809,126.898003
1146,영등포구,ST-1321,276,276. SK 영등포주유소,10,37.518284,126.912636
1147,영등포구,ST-68,222,222. 시범아파트버스정류장 옆,12,37.520271,126.938881
1148,영등포구,ST-58,212,212. 여의도역 1번출구 옆,35,37.521362,126.923462
1149,영등포구,ST-1319,274,274. 영등포역지하쇼핑센타 5번출구,10,37.516651,126.90799
1150,영등포구,ST-277,227,227. 양평2나들목 보행통로 입구,10,37.544666,126.888359
1151,영등포구,ST-307,259,259. 대방역6번출구,17,37.513592,126.925934
1152,영등포구,ST-304,256,256. 동아에코빌입구,10,37.509476,126.8993
1153,영등포구,ST-300,252,252. 보라매역4번출구,10,37.499977,126.920036
1154,영등포구,ST-70,224,224. 롯데캐슬 앞,20,37.520088,126.932365
1155,영등포구,ST-424,270,270. 증권거래소후문교차로,10,37.522343,126.927101
1156,영등포구,ST-299,251,251. 서울지방병무청 버스정류장,10,37.504494,126.921951
1157,영등포구,ST-420,266,266. 영등포청과시장 사거리,10,37.520294,126.901192
1158,영등포구,ST-296,248,248. 초원아파트 앞,10,37.531055,126.92421
1159,영등포구,ST-1651,285,285. 대림3동사거리(하나은행),8,37.499859,126.89724
1160,영등포구,ST-418,264,264. 교보생명보험 앞,15,37.521931,126.891617
1161,영등포구,ST-293,244,244. 영등포삼환아파트 앞,20,37.530079,126.905708
1162,영등포구,ST-66,217,217. NH농협은행 앞,10,37.522079,126.930367
1163,영등포구,ST-1649,283,283. 아크로타워 스퀘어(영등포시장),15,37.522518,126.907219
1164,영등포구,ST-56,210,210. IFC몰,21,37.526066,126.925537
1165,영등포구,ST-414,260,260. 여의도 마리나선착장 앞,15,37.533817,126.912491
1166,영등포구,ST-290,241,241. 신길우성1차아파트 앞 공원,10,37.505329,126.898483
1167,영등포구,ST-62,219,219. 롯데캐슬엠파이어 옆,12,37.520695,126.925835
1168,영등포구,ST-287,238,238. 제2구민체육센타 앞,10,37.526386,126.902756
1169,영등포구,ST-1540,281,281. 신동아아파트 앞,8,37.498241,126.893982
1170,영등포구,ST-284,235,235. 신길동 우리은행 옆,10,37.504566,126.910233
1171,영등포구,ST-1323,278,278. 쌍용플레티넘오피스텔,10,37.507931,126.895233
1172,영등포구,ST-55,209,209. 유진투자증권빌딩 앞,12,37.524612,126.927834
1173,영등포구,ST-281,232,232. 양평우림 이비즈센타 앞,20,37.52565,126.887817
1174,영등포구,ST-1353,279,279. 영등포 푸르지오 아파트,15,37.513229,126.904465
1175,영등포구,ST-1320,275,275. 신동아아파트,10,37.522816,126.885651
1176,영등포구,ST-279,229,229. 양평1 보행육교 앞,20,37.535873,126.892181
1177,영등포구,ST-64,215,215. 여의도고교 앞,10,37.524837,126.934906
1178,영등포구,ST-306,258,258. 신길역3번출구,14,37.517693,126.914299
1179,영등포구,ST-303,255,255. 도림4거리,10,37.506573,126.901131
1180,영등포구,ST-67,221,221. 여의도초교 앞,10,37.522675,126.93779
1181,영등포구,ST-50,204,204. 국회의사당역 5번출구 옆,13,37.528164,126.917023
1182,영등포구,ST-57,211,211. 여의도역 4번출구 옆,13,37.522228,126.924637
1183,영등포구,ST-426,272,272. 당산육갑문,20,37.535339,126.903679
1184,영등포구,ST-422,268,268. 그랜드컨벤션센터 앞,10,37.534718,126.900002
1185,영등포구,ST-298,250,250. 대림아파트 사거리,10,37.507641,126.92308
1186,영등포구,ST-60,214,214. 금융감독원 앞,20,37.523022,126.920837
1187,영등포구,ST-46,201,201. 진미파라곤 앞,15,37.531239,126.921333
1188,영등포구,ST-1653,287,287. 영등포전화국사거리 (서강어린이공원),10,37.525768,126.905739
1189,영등포구,ST-295,247,247. 당산역 10번출구 앞,19,37.533688,126.902107
1190,영등포구,ST-1650,284,284. 센트럴 푸르지오 시티 앞,12,37.518211,126.902229
1191,영등포구,ST-417,263,263. 근로자회관 사거리,12,37.517151,126.888626
1192,영등포구,ST-292,243,243. 이앤씨드림타워 앞,15,37.527084,126.89138
1193,영등포구,ST-413,230,230. 영등포구청역 1번출구,10,37.524635,126.896217
1194,영등포구,ST-289,240,240. 문래역 4번출구 앞,10,37.518738,126.895576
1195,영등포구,ST-45,200,200. 국회의원회관,20,37.528728,126.914925
1196,영등포구,ST-72,226,226. 샛강역 1번출구 앞,20,37.517765,126.928413
1197,영등포구,ST-283,234,234. 영등포구민체육센터 앞,10,37.500462,126.905846
1198,영등포구,ST-1699,291,291. 문래동 하이테크 시티,14,37.513851,126.89888
1199,영등포구,ST-1322,277,277. 영등포뉴타운지하상가 2번게이트,10,37.520119,126.905167
1200,영등포구,ST-280,231,231. 남부고용노동지청 남측,10,37.524506,126.891823
1201,영등포구,ST-51,203,203. 국회의사당역 3번출구 옆,15,37.528057,126.918701
1202,영등포구,ST-278,228,228. 선유도역 3번출구 앞,10,37.53846,126.894508
1203,영등포구,ST-71,225,225. 앙카라공원 앞,26,37.517368,126.929253
1204,영등포구,ST-61,218,218. 증권거래소 앞,20,37.523277,126.929237
1205,영등포구,ST-305,257,257. 신길삼거리(우리은행),10,37.513844,126.919357
1206,영등포구,ST-47,202,202. 국민일보 앞,30,37.528816,126.92453
1207,용산구,ST-1343,836,836. 현대자동차서비스 앞,15,37.531422,126.9515
1208,용산구,ST-332,811,811. 녹사평역1번출구,20,37.53508,126.985382
1209,용산구,ST-1443,841,841. 신용산역 1번 출구,15,37.52961,126.968872
1210,용산구,ST-327,806,806. 전자랜드 본관 앞,20,37.533066,126.960732
1211,용산구,ST-324,802,802. 한강진역 2번 출구 앞,10,37.541153,127.002213
1212,용산구,ST-1327,830,830. 청암자이아파트앞,10,37.534424,126.94857
1213,용산구,ST-1324,827,827. 국군복지단,20,37.541885,126.97966
1214,용산구,ST-440,822,822. 이촌1동 마을공원,10,37.522041,126.965523
1215,용산구,ST-437,818,818. 숙명여대 입구 교차로,15,37.544895,126.969383
1216,용산구,ST-334,813,813. 삼각지역 3번출구,20,37.533512,126.972275
1217,용산구,ST-1342,835,835. 남영역 건너편,10,37.541981,126.971542
1218,용산구,ST-1376,838,838. 숙대입구역 4번출구,8,37.54446,126.972389
1219,용산구,ST-331,810,810. 이태원지하보도,10,37.53841,126.986649
1220,용산구,ST-1339,832,832. 이촌1동 주민센터 뒤,15,37.521282,126.973465
1221,용산구,ST-1442,840,840. 용산 파크타워 앞,10,37.523651,126.970268
1222,용산구,ST-329,808,808. 서빙고동 금호맨션 앞,10,37.520504,126.989738
1223,용산구,ST-326,805,805. 문배어린이공원 앞,9,37.536758,126.970001
1224,용산구,ST-322,800,800. 목월공원 앞,15,37.532433,126.954742
1225,용산구,ST-1326,829,829. 베르가모앞,40,37.52293,126.961693
1226,용산구,ST-442,825,825. 서빙고동 주민센터 앞,15,37.520336,126.994263
1227,용산구,ST-439,820,820. 청파동입구 교차로,10,37.549026,126.971947
1228,용산구,ST-436,817,817. 삼각지역 4번출구 앞,9,37.533451,126.971733
1229,용산구,ST-1344,837,837. 한남나들목 입구,10,37.52906,127.006729
1230,용산구,ST-333,812,812. 용산전쟁기념관,20,37.53484,126.977661
1231,용산구,ST-1341,834,834. 효창공원앞역 3번출구 뒤,15,37.539009,126.96138
1232,용산구,ST-1446,844,844. 이촌2동 동원베네스트 아파트 앞,11,37.527149,126.955162
1233,용산구,ST-330,809,809. 한남 유수지 복개주차장,10,37.530167,127.007439
1234,용산구,ST-328,807,807. 서울역 12번 출구 앞,10,37.552277,126.972687
1235,용산구,ST-325,803,803. 한남초교 앞 보도육교,10,37.538139,127.004097
1236,용산구,ST-1615,845,845. 용산 선인상가,22,37.5327,126.964378
1237,용산구,ST-1328,831,831. 이태원관광특구입구,15,37.534279,126.988564
1238,용산구,ST-1325,828,828. 숙대입구역 8번,7,37.544079,126.972
1239,용산구,ST-946,826,826. 서울역 서부교차로2,20,37.555367,126.968643
1240,용산구,ST-441,823,823. 효창동주민센터 앞,10,37.54232,126.96196
1241,용산구,ST-438,819,819. 선린인터넷 고등학교,12,37.541653,126.970505
1242,용산구,ST-335,815,815. LIG강촌아파트 103동앞,20,37.518509,126.978798
1243,용산구,ST-435,816,816. 신용산역 6번출구 앞,15,37.530148,126.968483
1244,은평구,ST-1036,950,950. 구산역 2번 출구 ,7,37.610779,126.917351
1245,은평구,ST-465,917,917. 녹번역 4번출구,9,37.601299,126.935349
1246,은평구,ST-1485,964,964. 북한산힐스테이트 7차아파트,10,37.616112,126.925041
1247,은평구,ST-461,913,913. 이마트 은평점,15,37.6007,126.920128
1248,은평구,ST-1482,961,961. 불광역 9번 출구,10,37.61097,126.92981
1249,은평구,ST-1033,947,947. 연신내 선일하이츠빌 정류소,10,37.622669,126.919991
1250,은평구,ST-459,911,911. 은평평화공원(역촌역4번출구),10,37.605583,126.922935
1251,은평구,ST-454,906,906. 연신내역 5번출구150M 아래,10,37.61721,126.919579
1252,은평구,ST-1027,941,941. 은평뉴타운 도서관,13,37.63726,126.933701
1253,은평구,ST-451,903,903. 은평뉴타운 아이파크,20,37.645866,126.927391
1254,은평구,ST-1023,937,937. 상림마을 롯데캐슬2단지 옆,15,37.645851,126.923798
1255,은평구,ST-1331,956,956. 응암시장교차로,9,37.594376,126.918159
1256,은평구,ST-449,901,901. 응암1동사무소,10,37.600975,126.926956
1257,은평구,ST-479,931,931. 역촌파출소,10,37.604736,126.915337
1258,은평구,ST-475,927,927. 연신내역 3번출구 인근,10,37.617855,126.922523
1259,은평구,ST-472,924,924. 메뚜기다리,15,37.628517,126.929581
1260,은평구,ST-1038,952,952. 서울연신중학교,10,37.62265,126.925247
1261,은평구,ST-469,921,921. 신도고등학교,10,37.630016,126.919029
1262,은평구,ST-1487,966,966. 서울혁신파크1,10,37.609032,126.934677
1263,은평구,ST-464,916,916. 평생학습관 앞,7,37.607849,126.921326
1264,은평구,ST-1484,963,963. 대호프라자아파트,13,37.614429,126.932579
1265,은평구,ST-1035,949,949. 연신내역 1번 출구 ,7,37.619781,126.920807
1266,은평구,ST-460,912,912. 응암오거리,10,37.589661,126.916946
1267,은평구,ST-1481,960,960. 구파발역 환승센터,15,37.638252,126.919456
1268,은평구,ST-1032,946,946. 독바위역 ,10,37.618439,126.932884
1269,은평구,ST-457,909,909. 백련산 힐스테이트 3차,10,37.586994,126.922882
1270,은평구,ST-1479,958,958. 신한은행 응암동 지점 앞,13,37.600361,126.922813
1271,은평구,ST-1029,943,943. 은평구청 보건소,10,37.602402,126.92865
1272,은평구,ST-453,905,905. 구파발역 2번출구,11,37.636234,126.918999
1273,은평구,ST-1025,939,939. 은평구청 교차로,15,37.6017,126.927422
1274,은평구,ST-450,902,902. 진관동 은빛초등학교,10,37.643108,126.918221
1275,은평구,ST-1021,935,935. 역촌역 1번 출구,7,37.605202,126.922112
1276,은평구,ST-1329,954,954. 은평뉴타운구파발9단지,10,37.642609,126.921478
1277,은평구,ST-448,900,900. 은평예술회관,20,37.603943,126.927696
1278,은평구,ST-481,933,933. LG서비스 역촌점,10,37.612484,126.914879
1279,은평구,ST-478,930,930. 구 서부경찰서 건너편,7,37.601662,126.920303
1280,은평구,ST-474,926,926. 불광역 8번출구,8,37.611179,126.929665
1281,은평구,ST-470,922,922. 연신내역 4번출구,10,37.617802,126.921967
1282,은평구,ST-1489,968,968. 은평뉴타운 상림마을 13단지,7,37.64209,126.929413
1283,은평구,ST-1037,951,951. 연신내역 6번출구옆,15,37.619305,126.920593
1284,은평구,ST-467,919,919. 서울혁신파크,10,37.607025,126.933311
1285,은평구,ST-1486,965,965. 서울특별시 은평병원,10,37.593479,126.923187
1286,은평구,ST-463,915,915. 증산역 4번출구,10,37.584381,126.909897
1287,은평구,ST-1483,962,962. 은평뉴타운 힐데스하임,10,37.639259,126.918907
1288,은평구,ST-1034,948,948. 디지털미디어 시티역 4번출구,10,37.577202,126.902351
1289,은평구,ST-1480,959,959. 구파발10단지 인근,10,37.643661,126.914558
1290,은평구,ST-1031,945,945. 기자촌 사거리,10,37.63414,126.932343
1291,은평구,ST-455,907,907. CJ 드림시티,10,37.599491,126.916862
1292,은평구,ST-1028,942,942. 상림마을 생태공원,15,37.644081,126.929283
1293,은평구,ST-452,904,904. 은평뉴타운 푸르지오,18,37.648674,126.930702
1294,은평구,ST-1024,938,938. 금암 문화공원,15,37.644684,126.918457
1295,은평구,ST-1020,934,934. 신사동 성당,15,37.597141,126.909599
1296,은평구,ST-480,932,932. 예일여중,10,37.610004,126.916397
1297,은평구,ST-476,928,928. 은평역사한옥박물관,15,37.641315,126.938042
1298,은평구,ST-473,925,925. 불광역 2번출구,8,37.609566,126.930977
1299,은평구,ST-1039,953,953. 서울연신초등학교,10,37.625778,126.928818
1300,은평구,ST-1488,967,967. 서울혁신파크2,13,37.60891,126.932419
1301,종로구,ST-1374,395,395. 경희궁 자이 2단지,8,37.568855,126.964561
1302,종로구,ST-176,362,362. 청계8가 사거리,10,37.572224,127.022705
1303,종로구,ST-144,328,328. 탑골공원 앞,11,37.570396,126.98819
1304,종로구,ST-173,358,358. 성대입구 사거리,13,37.5825,126.998535
1305,종로구,ST-155,339,339. 종로4가 사거리,10,37.571068,126.998192
1306,종로구,ST-165,349,349. 사직동주민센터,7,37.576332,126.96859
1307,종로구,ST-978,450,450. 효자동 삼거리,20,37.583603,126.972549
1308,종로구,ST-161,345,345. 서울보증보험본사 앞,15,37.573307,127.00071
1309,종로구,ST-122,306,306. 광화문역 7번출구 앞,9,37.570808,126.976433
1310,종로구,ST-1607,454,454. 종로2가 버스정류장 (종각방향),13,37.570358,126.986382
1311,종로구,ST-941,449,449. 일성아파트,10,37.608719,126.972862
1312,종로구,ST-153,337,337. 창경궁 입구,5,37.578979,126.996475
1313,종로구,ST-337,386,386. 올림픽기념 국민생활관 앞,10,37.590233,126.99852
1314,종로구,ST-160,344,344. 성균관대 E하우스 앞,10,37.574036,127.006721
1315,종로구,ST-938,446,446. 상명대입구,10,37.600128,126.957832
1316,종로구,ST-182,369,369. 광화문 시민열린마당,20,37.575493,126.9785
1317,종로구,ST-156,340,340. 혜화동 로터리,8,37.585629,127.000679
1318,종로구,ST-131,315,315. 신한은행 안국역지점 옆,9,37.57597,126.983063
1319,종로구,ST-178,364,364. 창신역 1번출구 앞,8,37.579334,127.015083
1320,종로구,ST-1373,394,394. 경희궁 자이 3단지,15,37.56749,126.965919
1321,종로구,ST-175,361,361. 동묘앞역 1번출구 뒤,10,37.573242,127.015907
1322,종로구,ST-172,356,356. KT혜화지사 앞,15,37.577145,127.00206
1323,종로구,ST-130,314,314. 국립현대미술관,10,37.579708,126.980858
1324,종로구,ST-1619,461,461. 서울지방경찰청,10,37.574364,126.972366
1325,종로구,ST-158,342,342. 대학로 마로니에공원,10,37.579784,127.002533
1326,종로구,ST-1432,397,397. 종묘공영주차장 건너편,13,37.57048,126.996635
1327,종로구,ST-1611,458,458. 광화문역 5번출구,11,37.569939,126.977539
1328,종로구,ST-119,303,303. 광화문역 1번출구 앞,8,37.57177,126.974663
1329,종로구,ST-170,354,354. 포르투갈 대사관 앞,10,37.579155,126.98896
1330,종로구,ST-1609,456,456. 숭인2동 주민센터 입구 (이강3대냉면),10,37.574471,127.019829
1331,종로구,ST-169,353,353. 재동초교 앞 삼거리,8,37.579388,126.984947
1332,종로구,ST-1606,453,453. 종로오가 지하쇼핑센터 14번출구,10,37.57114,127.000671
1333,종로구,ST-157,341,341. 혜화역 3번출구 뒤,10,37.58157,127.001785
1334,종로구,ST-142,326,326. 안국역 5번출구 앞,19,37.576241,126.98616
1335,종로구,ST-168,352,352. 중앙고입구 삼거리,15,37.583416,126.985237
1336,종로구,ST-336,385,385. 종각역 5번출구,10,37.569836,126.982658
1337,종로구,ST-118,302,302. 경복궁역 4번출구 뒤,12,37.575947,126.97406
1338,종로구,ST-121,305,305. 종로구청 옆,16,37.572582,126.978355
1339,종로구,ST-145,329,329. 청계2가 사거리 옆,8,37.568344,126.987892
1340,종로구,ST-181,368,368. SK 서린빌딩 앞,12,37.569248,126.980537
1341,종로구,ST-177,363,363. 신설동역 11번출구 뒤,10,37.57576,127.022835
1342,종로구,ST-124,308,308. 광화문 S타워 앞,10,37.569969,126.973938
1343,종로구,ST-159,343,343. 예일빌딩(율곡로) 앞,12,37.575432,127.004982
1344,종로구,ST-1372,393,393. 동대문역 8번 출구,10,37.570141,127.009377
1345,종로구,ST-174,359,359. 원남동사거리,8,37.576061,126.997681
1346,종로구,ST-117,301,301. 경복궁역 7번출구 앞,16,37.575794,126.971451
1347,종로구,ST-120,304,304. 광화문역 2번출구 앞,7,37.572113,126.977577
1348,종로구,ST-151,335,335. 종로3가역 15번출구 앞,10,37.570198,126.991257
1349,종로구,ST-123,307,307. 서울역사박물관 앞,11,37.57,126.9711
1350,종로구,ST-143,327,327. 낙원상가 옆,10,37.573357,126.987465
1351,종로구,ST-171,355,355. 서울사대부속초교 앞,15,37.576508,127.002457
1352,종로구,ST-979,451,451. 청와대앞길,13,37.583515,126.979668
1353,종로구,ST-150,334,334. 종로3가역 2번출구 뒤,10,37.570599,126.991791
1354,종로구,ST-1610,457,457. 종로꽃시장 입구 옆,10,37.57132,127.00721
1355,종로구,ST-154,338,338. 세운스퀘어 앞,18,37.570957,126.997124
1356,종로구,ST-1608,455,455. 삼익한의원,8,37.570961,127.006058
1357,종로구,ST-444,388,388. 동성중학교 앞,10,37.585735,127.00161
1358,종로구,ST-1605,452,452. 동대문 종합시장 버스정류장,13,37.571239,127.00441
1359,종로구,ST-132,316,316. 종각역 1번출구 앞,12,37.570396,126.981789
1360,종로구,ST-167,351,351. 청운초교 앞 삼거리,8,37.585079,126.970619
1361,종로구,ST-939,447,447. 신영동삼거리,10,37.603992,126.961945
1362,종로구,ST-125,309,309. 광화문역 6번출구 옆,13,37.569889,126.976456
1363,종로구,ST-183,348,348. 독립문역 사거리,14,37.572029,126.960785
1364,중구,ST-128,312,312. 시청역 1번출구 뒤,7,37.564674,126.976738
1365,중구,ST-134,318,318. 광교사거리 남측,10,37.568527,126.982552
1366,중구,ST-148,332,332. 을지로2가 사거리 남측,5,37.56599,126.987793
1367,중구,ST-1436,399,399. 서울역 센트럴 자이아파트,15,37.554482,126.966087
1368,중구,ST-162,346,346. 맥스타일 앞,10,37.569183,127.00988
1369,중구,ST-198,383,383. 신당역 12번 출구 뒤,17,37.565849,127.016403
1370,중구,ST-195,380,380. CJ제일제당 앞,8,37.563866,127.002747
1371,중구,ST-129,313,313. 서울역 광장 파출소 옆,5,37.556961,126.971771
1372,중구,ST-944,390,390. 충무로역 1번출구,10,37.56139,126.995354
1373,중구,ST-192,377,377. 서울역 5번출구 앞,10,37.557217,126.973007
1374,중구,ST-189,374,374. 청구역 2번출구 앞,10,37.560474,127.014076
1375,중구,ST-186,371,371. 동대입구역 6번출구 뒤,10,37.558872,127.005539
1376,중구,ST-138,322,322. 명동성당 앞,15,37.564476,126.986969
1377,중구,ST-1439,430,430. KEB하나은행 장충동지점,8,37.562172,127.006264
1378,중구,ST-127,311,311. 서울광장 옆,35,37.566612,126.97747
1379,중구,ST-1435,398,398. 을지로3가역 3번출구,9,37.566559,126.992439
1380,중구,ST-136,320,320. 을지로입구역 4번출구 앞,20,37.566223,126.983589
1381,중구,ST-116,300,300. 정동사거리,7,37.56805,126.969231
1382,중구,ST-197,382,382. 약수역 10번출구 앞,7,37.555199,127.010048
1383,중구,ST-194,379,379. 서울역9번출구,7,37.556,126.973358
1384,중구,ST-126,310,310. 청계광장 옆,10,37.568878,126.97747
1385,중구,ST-977,391,391. 정동길입구,8,37.565437,126.973305
1386,중구,ST-943,389,389. 을지로4가역 1번출구,10,37.56673,126.996605
1387,중구,ST-146,330,330. 청계천 한빛광장,10,37.568165,126.984978
1388,중구,ST-190,375,375. 다산 어린이공원,8,37.563717,127.018425
1389,중구,ST-188,373,373. 청구 어린이공원,8,37.555859,127.013855
1390,중구,ST-185,370,370. 시청역(2호선) 9번출구 뒤,8,37.563229,126.974838
1391,중구,ST-152,336,336. 티마크 호텔 앞,10,37.562618,126.992836
1392,중구,ST-163,347,347. 동대문역사문화공원역 9번출구 앞,18,37.565331,127.007843
1393,중구,ST-1440,431,431. 청계천 영도교,15,37.5709,127.019524
1394,중구,ST-1438,429,429. 송도병원,8,37.549889,127.007347
1395,중구,ST-137,321,321. KEB 하나금융그룹 명동사옥 옆,15,37.565464,126.984138
1396,중구,ST-140,324,324. 신세계백화점 본점 앞,10,37.56134,126.9804
1397,중구,ST-199,384,384. 종로학원본원 ,10,37.55978,126.968506
1398,중구,ST-196,381,381. 장충체육관,10,37.558533,127.006989
1399,중구,ST-193,378,378. 청계7가 사거리,10,37.569805,127.016953
1400,중구,ST-338,387,387. 훈련원공원주차장 앞,10,37.566994,127.003464
1401,중구,ST-187,372,372. 약수역 3번출구 뒤,10,37.554295,127.0112
1402,중랑구,ST-569,1406,1406. 망우청소년수련관,10,37.606251,127.108269
1403,중랑구,ST-566,1403,1403. 중화빌딩 앞 (동부시장),15,37.59425,127.076576
1404,중랑구,ST-1099,1448,1448. 코스트코 상봉점,15,37.597321,127.089798
1405,중랑구,ST-596,1438,1438. 홈플러스 신내점 앞,15,37.616169,127.093483
1406,중랑구,ST-1096,1445,1445. 용마지구대,10,37.579941,127.079399
1407,중랑구,ST-1334,1451,1451. 중랑세무서,10,37.592758,127.07267
1408,중랑구,ST-855,1430,1430. 중랑구청,20,37.606152,127.092598
1409,중랑구,ST-593,1435,1435. 능산삼거리,15,37.608681,127.100792
1410,중랑구,ST-1093,1442,1442. (구)신한은행 중랑교지점,8,37.598591,127.079819
1411,중랑구,ST-558,1401,1401. 극동늘푸른아파트,15,37.614738,127.076363
1412,중랑구,ST-852,1427,1427. 용마산역 1번출구,10,37.574299,127.086914
1413,중랑구,ST-849,1414,1414. 사가정역 1번출구,10,37.581646,127.088432
1414,중랑구,ST-587,1422,1422. 신내우디안아파트 1단지,10,37.620098,127.106461
1415,중랑구,ST-584,1441,1441. 신내능말공원,15,37.616711,127.110733
1416,중랑구,ST-577,1413,1413. 봉화산역 5번출구 뒤,10,37.617561,127.090309
1417,중랑구,ST-1345,1453,1453. 중랑캠핑숲,9,37.604603,127.109253
1418,중랑구,ST-573,1410,1410. 면목 대원칸타빌아파트,10,37.577782,127.090187
1419,중랑구,ST-1451,1458,1458. 상봉터미널2,9,37.59734,127.093086
1420,중랑구,ST-570,1408,1408. 먹골역 6번출구 앞,10,37.610722,127.077477
1421,중랑구,ST-568,1405,1405. 망우역 1번출구,10,37.599098,127.092949
1422,중랑구,ST-599,1404,1404. 동일로 지하차도,10,37.595299,127.080032
1423,중랑구,ST-1098,1447,1447. 면목역 3번출구,15,37.588902,127.08728
1424,중랑구,ST-857,1433,1433. 중화역 2번출구,10,37.602077,127.079582
1425,중랑구,ST-595,1437,1437. 늘푸른공원 앞,15,37.58342,127.079926
1426,중랑구,ST-1095,1444,1444. 면목4치안센터,10,37.574028,127.080544
1427,중랑구,ST-1333,1450,1450. 화랑대역 7번출구,10,37.619625,127.085014
1428,중랑구,ST-854,1429,1429. 장안중학교,15,37.599957,127.080002
1429,중랑구,ST-592,1434,1434. 홈플러스 면목동점,15,37.579868,127.082367
1430,중랑구,ST-850,1416,1416. 상봉역 3번출구,10,37.595219,127.085999
1431,중랑구,ST-589,1425,1425. 용마문화복지센터,10,37.58746,127.09597
1432,중랑구,ST-912,1411,1411. 상봉시장앞 교차로 한성빌딩 앞,10,37.592541,127.086739
1433,중랑구,ST-847,1407,1407. 먹골역 1번출구 뒤,10,37.611511,127.077888
1434,중랑구,ST-586,1421,1421. 신내역 4번출구,20,37.612461,127.103378
1435,중랑구,ST-583,1418,1418. 새솔초등학교,15,37.617989,127.110542
1436,중랑구,ST-575,1412,1412. 면목초등학교,10,37.590961,127.087067
1437,중랑구,ST-1381,1457,1457. 동원사거리,10,37.58976,127.093239
1438,중랑구,ST-1375,1455,1455. 상봉역 2번 출구,10,37.596329,127.085899
1439,중랑구,ST-1097,1446,1446. 중랑전화국 교차로,10,37.591301,127.08033
1440,중랑구,ST-1335,1452,1452. 겸재교 진입부,15,37.585655,127.07505
1441,중랑구,ST-561,1402,1402. 금란주차장 앞,10,37.600071,127.102333
1442,중랑구,ST-856,1431,1431. 중랑구청 사거리,10,37.606499,127.095451
1443,중랑구,ST-594,1436,1436. 영풍마드레빌,15,37.605881,127.100632
1444,중랑구,ST-1094,1443,1443. 구립망우청소년독서실,10,37.59552,127.098778
1445,중랑구,ST-1332,1449,1449. 상봉역 1번출구,15,37.596558,127.085838
1446,중랑구,ST-853,1428,1428. 원묵고등학교,10,37.616024,127.085968
1447,중랑구,ST-590,1426,1426. 면목도시개발아파트 1동 앞,15,37.573589,127.086823
1448,중랑구,ST-588,1424,1424. 양원역 2번출구,10,37.606312,127.107742
1449,중랑구,ST-585,1420,1420. 신내어울공원 앞,15,37.614231,127.096764
1450,중랑구,ST-942,1440,1440. 하나은행 면목지점,10,37.586372,127.08007
1451,중랑구,ST-1346,1454,1454. 한국전력공사(동대문 중랑지사),10,37.607349,127.07859
1452,중랑구,ST-1452,1459,1459. 용마한신아파트사거리,10,37.580349,127.092651
1453,중랑구,ST-1380,1456,1456. 상아빌딩(우림시장 교차로),10,37.595112,127.100327
